N	iters	algorithm	layout	dim	k	blockSize	shmSize	seed	totalTime	normalizedTime
2M	5	kmcuda	aos	4	16	256	48k	1	847.91	101.079
2M	5	kmcuda	aos	4	16	256	48k	2	925.415	110.318
2M	5	kmcuda	aos	4	16	256	48k	3	926.246	110.417
2M	5	kmcuda	aos	4	16	256	48k	4	869.215	103.618
2M	5	kmcuda	aos	4	64	256	48k	1	635.731	75.785
2M	5	kmcuda	aos	4	64	256	48k	2	622.883	74.2535
2M	5	kmcuda	aos	4	64	256	48k	3	678.284	80.8577
2M	5	kmcuda	aos	4	64	256	48k	4	605.986	72.2392
2M	5	kmcuda	aos	4	256	256	48k	1	434.102	51.749
2M	5	kmcuda	aos	4	256	256	48k	2	447.815	53.3837
2M	5	kmcuda	aos	4	256	256	48k	3	434.133	51.7527
2M	5	kmcuda	aos	4	256	256	48k	4	443.975	52.926
2M	5	kmcuda	aos	4	1024	256	48k	1	461.463	55.0107
2M	5	kmcuda	aos	4	1024	256	48k	2	461.631	55.0307
2M	5	kmcuda	aos	4	1024	256	48k	3	462.008	55.0757
2M	5	kmcuda	aos	4	1024	256	48k	4	462.47	55.1308
2M	5	kmcuda	aos	4	4096	256	48k	1	870.386	103.758
2M	5	kmcuda	aos	4	4096	256	48k	2	870.917	103.821
2M	5	kmcuda	aos	4	4096	256	48k	3	870.197	103.736
2M	5	kmcuda	aos	4	4096	256	48k	4	870.483	103.77
2M	5	kmcuda	aos	8	16	256	48k	1	1385.72	82.5952
2M	5	kmcuda	aos	8	16	256	48k	2	1284.05	76.5354
2M	5	kmcuda	aos	8	16	256	48k	3	1352.22	80.5987
2M	5	kmcuda	aos	8	16	256	48k	4	1277.42	76.1401
2M	5	kmcuda	aos	8	64	256	48k	1	863.236	51.4529
2M	5	kmcuda	aos	8	64	256	48k	2	952.282	56.7604
2M	5	kmcuda	aos	8	64	256	48k	3	975.379	58.1371
2M	5	kmcuda	aos	8	64	256	48k	4	982.886	58.5845
2M	5	kmcuda	aos	8	256	256	48k	1	549.988	32.7818
2M	5	kmcuda	aos	8	256	256	48k	2	548.216	32.6762
2M	5	kmcuda	aos	8	256	256	48k	3	545.526	32.5159
2M	5	kmcuda	aos	8	256	256	48k	4	563.004	33.5577
2M	5	kmcuda	aos	8	1024	256	48k	1	598.29	35.6609
2M	5	kmcuda	aos	8	1024	256	48k	2	596.431	35.55
2M	5	kmcuda	aos	8	1024	256	48k	3	595.317	35.4837
2M	5	kmcuda	aos	8	1024	256	48k	4	595.312	35.4833
2M	5	kmcuda	aos	8	4096	256	48k	1	1316	78.4399
2M	5	kmcuda	aos	8	4096	256	48k	2	1315.17	78.39
2M	5	kmcuda	aos	8	4096	256	48k	3	1315.04	78.3822
2M	5	kmcuda	aos	8	4096	256	48k	4	1315.55	78.4131
2M	5	kmcuda	aos	16	16	256	48k	1	2619.97	78.0811
2M	5	kmcuda	aos	16	16	256	48k	2	2307.57	68.7708
2M	5	kmcuda	aos	16	16	256	48k	3	2665.64	79.4423
2M	5	kmcuda	aos	16	16	256	48k	4	2772.42	82.6245
2M	5	kmcuda	aos	16	64	256	48k	1	1659.76	49.4648
2M	5	kmcuda	aos	16	64	256	48k	2	1408.11	41.965
2M	5	kmcuda	aos	16	64	256	48k	3	1506.86	44.9078
2M	5	kmcuda	aos	16	64	256	48k	4	1528.75	45.5603
2M	5	kmcuda	aos	16	256	256	48k	1	860.389	25.6416
2M	5	kmcuda	aos	16	256	256	48k	2	831.912	24.7929
2M	5	kmcuda	aos	16	256	256	48k	3	822.919	24.5249
2M	5	kmcuda	aos	16	256	256	48k	4	863.025	25.7201
2M	5	kmcuda	aos	16	1024	256	48k	1	1117.22	33.2957
2M	5	kmcuda	aos	16	1024	256	48k	2	1117.44	33.3022
2M	5	kmcuda	aos	16	1024	256	48k	3	1118.88	33.3453
2M	5	kmcuda	aos	16	1024	256	48k	4	1120.25	33.3861
2M	5	kmcuda	aos	16	4096	256	48k	1	3230.75	96.2838
2M	5	kmcuda	aos	16	4096	256	48k	2	3231.18	96.2968
2M	5	kmcuda	aos	16	4096	256	48k	3	3231.39	96.303
2M	5	kmcuda	aos	16	4096	256	48k	4	3231.18	96.2967
2M	5	kmcuda	aos	32	16	256	48k	1	4140.33	61.6957
2M	5	kmcuda	aos	32	16	256	48k	2	4637.17	69.0993
2M	5	kmcuda	aos	32	16	256	48k	3	4343.82	64.7279
2M	5	kmcuda	aos	32	16	256	48k	4	4882.95	72.7616
2M	5	kmcuda	aos	32	64	256	48k	1	2942.81	43.8513
2M	5	kmcuda	aos	32	64	256	48k	2	2575.41	38.3766
2M	5	kmcuda	aos	32	64	256	48k	3	2940.79	43.8212
2M	5	kmcuda	aos	32	64	256	48k	4	2759.26	41.1162
2M	5	kmcuda	aos	32	256	256	48k	1	1742.99	25.9725
2M	5	kmcuda	aos	32	256	256	48k	2	1659.38	24.7267
2M	5	kmcuda	aos	32	256	256	48k	3	1659.89	24.7343
2M	5	kmcuda	aos	32	256	256	48k	4	1661.27	24.7548
2M	5	kmcuda	aos	32	1024	256	48k	1	3100.46	46.2005
2M	5	kmcuda	aos	32	1024	256	48k	2	3090.99	46.0593
2M	5	kmcuda	aos	32	1024	256	48k	3	3131.3	46.66
2M	5	kmcuda	aos	32	1024	256	48k	4	3099.18	46.1813
1M	5	kmcuda	aos	64	16	256	48k	1	4117.82	61.3603
1M	5	kmcuda	aos	64	16	256	48k	2	5122.62	76.3329
1M	5	kmcuda	aos	64	16	256	48k	3	4898.79	72.9977
1M	5	kmcuda	aos	64	16	256	48k	4	4061.25	60.5174
1M	5	kmcuda	aos	64	64	256	48k	1	2627.03	39.1458
1M	5	kmcuda	aos	64	64	256	48k	2	3147.53	46.9019
1M	5	kmcuda	aos	64	64	256	48k	3	2587.79	38.5611
1M	5	kmcuda	aos	64	64	256	48k	4	2992.2	44.5873
1M	5	kmcuda	aos	64	256	256	48k	1	1517.99	22.6198
1M	5	kmcuda	aos	64	256	256	48k	2	1496.48	22.2992
1M	5	kmcuda	aos	64	256	256	48k	3	1582.97	23.5881
1M	5	kmcuda	aos	64	256	256	48k	4	1563.2	23.2936
1M	5	kmcuda	aos	64	1024	256	48k	1	2942.23	43.8426
1M	5	kmcuda	aos	64	1024	256	48k	2	2977.35	44.366
1M	5	kmcuda	aos	64	1024	256	48k	3	2949.37	43.949
1M	5	kmcuda	aos	64	1024	256	48k	4	2953.83	44.0155
1M	5	kmcuda	aos	64	4096	256	48k	1	10571.6	157.529
1M	5	kmcuda	aos	64	4096	256	48k	2	10576.1	157.596
1M	5	kmcuda	aos	64	4096	256	48k	3	10553.1	157.253
1M	5	kmcuda	aos	64	4096	256	48k	4	10568.8	157.487
512k	5	kmcuda	aos	128	16	256	48k	1	4106.42	61.1904
512k	5	kmcuda	aos	128	16	256	48k	2	5144.27	76.6556
512k	5	kmcuda	aos	128	16	256	48k	3	4878.91	72.7014
512k	5	kmcuda	aos	128	16	256	48k	4	5115.67	76.2293
512k	5	kmcuda	aos	128	64	256	48k	1	2348.89	35.0012
512k	5	kmcuda	aos	128	64	256	48k	2	2583.5	38.4971
512k	5	kmcuda	aos	128	64	256	48k	3	2613.38	38.9425
512k	5	kmcuda	aos	128	64	256	48k	4	2572.86	38.3386
512k	5	kmcuda	aos	128	256	256	48k	1	1162.17	17.3176
512k	5	kmcuda	aos	128	256	256	48k	2	1174.89	17.5072
512k	5	kmcuda	aos	128	256	256	48k	3	1184.98	17.6575
512k	5	kmcuda	aos	128	256	256	48k	4	1131.2	16.8561
512k	5	kmcuda	aos	128	1024	256	48k	1	1481.31	22.0733
512k	5	kmcuda	aos	128	1024	256	48k	2	1403.35	20.9116
512k	5	kmcuda	aos	128	1024	256	48k	3	1475.53	21.987
512k	5	kmcuda	aos	128	1024	256	48k	4	1390.13	20.7146
512k	5	kmcuda	aos	128	4096	256	48k	1	4692.53	69.9242
512k	5	kmcuda	aos	128	4096	256	48k	2	4446	66.2506
512k	5	kmcuda	aos	128	4096	256	48k	3	4698.75	70.0169
512k	5	kmcuda	aos	128	4096	256	48k	4	4707.62	70.149
512k	5	cuda_base	aos	4	16	256	48k	1	3.82652	1.82463
512k	5	cuda_base	aos	4	16	256	48k	2	3.79716	1.81063
512k	5	cuda_base	aos	4	16	256	48k	3	3.74471	1.78561
512k	5	cuda_base	aos	4	16	256	48k	4	3.76324	1.79445
512k	5	cuda_base	aos	4	64	256	48k	1	3.02906	1.44437
512k	5	cuda_base	aos	4	64	256	48k	2	3.20321	1.52741
512k	5	cuda_base	aos	4	64	256	48k	3	3.07958	1.46846
512k	5	cuda_base	aos	4	64	256	48k	4	3.05814	1.45824
512k	5	cuda_base	aos	4	256	256	48k	1	8.6488	4.12407
512k	5	cuda_base	aos	4	256	256	48k	2	8.64398	4.12177
512k	5	cuda_base	aos	4	256	256	48k	3	8.6423	4.12097
512k	5	cuda_base	aos	4	256	256	48k	4	8.65239	4.12578
512k	5	cuda_base	aos	4	1024	256	48k	1	32.6174	15.5532
512k	5	cuda_base	aos	4	1024	256	48k	2	32.6052	15.5474
512k	5	cuda_base	aos	4	1024	256	48k	3	32.6245	15.5566
512k	5	cuda_base	aos	4	1024	256	48k	4	32.6092	15.5493
512k	5	cuda_base	aos	4	4096	256	48k	1	129.537	61.7682
512k	5	cuda_base	aos	4	4096	256	48k	2	129.552	61.7751
512k	5	cuda_base	aos	4	4096	256	48k	3	129.552	61.775
512k	5	cuda_base	aos	4	4096	256	48k	4	129.55	61.7742
512k	5	cuda_base	aos	8	16	256	48k	1	5.10449	1.21701
512k	5	cuda_base	aos	8	16	256	48k	2	5.50864	1.31336
512k	5	cuda_base	aos	8	16	256	48k	3	4.75421	1.13349
512k	5	cuda_base	aos	8	16	256	48k	4	5.19677	1.23901
512k	5	cuda_base	aos	8	64	256	48k	1	5.92135	1.41176
512k	5	cuda_base	aos	8	64	256	48k	2	5.87411	1.4005
512k	5	cuda_base	aos	8	64	256	48k	3	6.04933	1.44227
512k	5	cuda_base	aos	8	64	256	48k	4	5.81758	1.38702
512k	5	cuda_base	aos	8	256	256	48k	1	18.3982	4.38647
512k	5	cuda_base	aos	8	256	256	48k	2	18.3528	4.37565
512k	5	cuda_base	aos	8	256	256	48k	3	18.4318	4.39448
512k	5	cuda_base	aos	8	256	256	48k	4	18.4829	4.40667
512k	5	cuda_base	aos	8	1024	256	48k	1	71.4497	17.0349
512k	5	cuda_base	aos	8	1024	256	48k	2	71.4103	17.0255
512k	5	cuda_base	aos	8	1024	256	48k	3	71.4432	17.0334
512k	5	cuda_base	aos	8	1024	256	48k	4	71.4356	17.0316
512k	5	cuda_base	aos	8	4096	256	48k	1	287.148	68.4614
512k	5	cuda_base	aos	8	4096	256	48k	2	287.293	68.496
512k	5	cuda_base	aos	8	4096	256	48k	3	287.213	68.477
512k	5	cuda_base	aos	8	4096	256	48k	4	287.143	68.4603
512k	5	cuda_base	aos	16	16	256	48k	1	8.04187	0.958665
512k	5	cuda_base	aos	16	16	256	48k	2	8.00837	0.954672
512k	5	cuda_base	aos	16	16	256	48k	3	10.9013	1.29953
512k	5	cuda_base	aos	16	16	256	48k	4	8.98146	1.07067
512k	5	cuda_base	aos	16	64	256	48k	1	17.6971	2.10966
512k	5	cuda_base	aos	16	64	256	48k	2	17.1544	2.04497
512k	5	cuda_base	aos	16	64	256	48k	3	16.8855	2.01291
512k	5	cuda_base	aos	16	64	256	48k	4	17.2844	2.06046
512k	5	cuda_base	aos	16	256	256	48k	1	58.8876	7.01994
512k	5	cuda_base	aos	16	256	256	48k	2	58.8258	7.01259
512k	5	cuda_base	aos	16	256	256	48k	3	59.4224	7.08371
512k	5	cuda_base	aos	16	256	256	48k	4	58.8213	7.01205
512k	5	cuda_base	aos	16	1024	256	48k	1	232.267	27.6884
512k	5	cuda_base	aos	16	1024	256	48k	2	233.369	27.8198
512k	5	cuda_base	aos	16	1024	256	48k	3	235.297	28.0496
512k	5	cuda_base	aos	16	1024	256	48k	4	235.715	28.0994
512k	5	cuda_base	aos	16	4096	256	48k	1	939.789	112.032
512k	5	cuda_base	aos	16	4096	256	48k	2	940.802	112.152
512k	5	cuda_base	aos	16	4096	256	48k	3	939.01	111.939
512k	5	cuda_base	aos	16	4096	256	48k	4	939.4	111.985
512k	5	cuda_base	aos	32	16	256	48k	1	20.9869	1.25092
512k	5	cuda_base	aos	32	16	256	48k	2	24.5702	1.4645
512k	5	cuda_base	aos	32	16	256	48k	3	21.0887	1.25698
512k	5	cuda_base	aos	32	16	256	48k	4	21.1705	1.26186
512k	5	cuda_base	aos	32	64	256	48k	1	58.2173	3.47002
512k	5	cuda_base	aos	32	64	256	48k	2	59.396	3.54028
512k	5	cuda_base	aos	32	64	256	48k	3	58.7027	3.49895
512k	5	cuda_base	aos	32	64	256	48k	4	58.8091	3.5053
512k	5	cuda_base	aos	32	256	256	48k	1	228.528	13.6213
512k	5	cuda_base	aos	32	256	256	48k	2	228.144	13.5985
512k	5	cuda_base	aos	32	256	256	48k	3	228.571	13.6239
512k	5	cuda_base	aos	32	256	256	48k	4	228.57	13.6238
512k	5	cuda_base	aos	32	1024	256	48k	1	923.415	55.0398
512k	5	cuda_base	aos	32	1024	256	48k	2	923.288	55.0323
512k	5	cuda_base	aos	32	1024	256	48k	3	923.863	55.0665
512k	5	cuda_base	aos	32	1024	256	48k	4	923.614	55.0517
512k	5	cuda_base	aos	32	4096	256	48k	1	3746.8	223.327
512k	5	cuda_base	aos	32	4096	256	48k	2	3745.22	223.232
512k	5	cuda_base	aos	32	4096	256	48k	3	3744.5	223.189
512k	5	cuda_base	aos	32	4096	256	48k	4	3741.67	223.021
1M	5	cuda_base	aos	64	16	256	48k	1	73.7875	1.09952
1M	5	cuda_base	aos	64	16	256	48k	2	73.974	1.1023
1M	5	cuda_base	aos	64	16	256	48k	3	84.1379	1.25375
1M	5	cuda_base	aos	64	16	256	48k	4	72.8774	1.08596
1M	5	cuda_base	aos	64	64	256	48k	1	227.427	3.38892
1M	5	cuda_base	aos	64	64	256	48k	2	231.707	3.4527
1M	5	cuda_base	aos	64	64	256	48k	3	226.937	3.38162
1M	5	cuda_base	aos	64	64	256	48k	4	228.081	3.39867
1M	5	cuda_base	aos	64	256	256	48k	1	897.694	13.3767
1M	5	cuda_base	aos	64	256	256	48k	2	896.902	13.3649
1M	5	cuda_base	aos	64	256	256	48k	3	895.525	13.3444
1M	5	cuda_base	aos	64	256	256	48k	4	897.729	13.3772
1M	5	cuda_base	aos	64	1024	256	48k	1	3647.84	54.3571
1M	5	cuda_base	aos	64	1024	256	48k	2	3647.51	54.3521
1M	5	cuda_base	aos	64	1024	256	48k	3	3647.89	54.3578
1M	5	cuda_base	aos	64	1024	256	48k	4	3652.4	54.425
1M	5	cuda_base	aos	64	4096	256	48k	1	14823.1	220.881
1M	5	cuda_base	aos	64	4096	256	48k	2	14815	220.761
1M	5	cuda_base	aos	64	4096	256	48k	3	14832.2	221.018
1M	5	cuda_base	aos	64	4096	256	48k	4	14866.8	221.532
512k	5	cuda_base	aos	128	16	256	48k	1	100.047	1.49081
512k	5	cuda_base	aos	128	16	256	48k	2	110.171	1.64167
512k	5	cuda_base	aos	128	16	256	48k	3	102.686	1.53014
512k	5	cuda_base	aos	128	16	256	48k	4	105.378	1.57025
512k	5	cuda_base	aos	128	64	256	48k	1	350.262	5.21931
512k	5	cuda_base	aos	128	64	256	48k	2	324.333	4.83293
512k	5	cuda_base	aos	128	64	256	48k	3	325.466	4.84983
512k	5	cuda_base	aos	128	64	256	48k	4	336.125	5.00866
512k	5	cuda_base	aos	128	256	256	48k	1	1292.57	19.2608
512k	5	cuda_base	aos	128	256	256	48k	2	1414.46	21.0771
512k	5	cuda_base	aos	128	256	256	48k	3	1434.29	21.3726
512k	5	cuda_base	aos	128	256	256	48k	4	1289.68	19.2177
512k	5	cuda_base	aos	128	1024	256	48k	1	5327.14	79.3806
512k	5	cuda_base	aos	128	1024	256	48k	2	5339.46	79.5641
512k	5	cuda_base	aos	128	1024	256	48k	3	5307.07	79.0815
512k	5	cuda_base	aos	128	1024	256	48k	4	5348.75	79.7026
512k	5	cuda_base	aos	128	4096	256	48k	1	22390.3	333.641
512k	5	cuda_base	aos	128	4096	256	48k	2	22527.3	335.683
512k	5	cuda_base	aos	128	4096	256	48k	3	22653.6	337.565
512k	5	cuda_base	aos	128	4096	256	48k	4	22487.9	335.095
2M	5	cuda_base	soa	4	16	256	48k	1	11.2176	1.33724
2M	5	cuda_base	soa	4	16	256	48k	2	11.4215	1.36155
2M	5	cuda_base	soa	4	16	256	48k	3	11.1444	1.32851
2M	5	cuda_base	soa	4	16	256	48k	4	11.5696	1.37921
2M	5	cuda_base	soa	4	64	256	48k	1	8.79607	1.04857
2M	5	cuda_base	soa	4	64	256	48k	2	8.78553	1.04732
2M	5	cuda_base	soa	4	64	256	48k	3	8.79082	1.04795
2M	5	cuda_base	soa	4	64	256	48k	4	8.79925	1.04895
2M	5	cuda_base	soa	4	256	256	48k	1	23.8755	2.84618
2M	5	cuda_base	soa	4	256	256	48k	2	23.9626	2.85656
2M	5	cuda_base	soa	4	256	256	48k	3	23.873	2.84588
2M	5	cuda_base	soa	4	256	256	48k	4	24.0138	2.86266
2M	5	cuda_base	soa	4	1024	256	48k	1	89.002	10.6099
2M	5	cuda_base	soa	4	1024	256	48k	2	89.0047	10.6102
2M	5	cuda_base	soa	4	1024	256	48k	3	88.977	10.6069
2M	5	cuda_base	soa	4	1024	256	48k	4	89.0604	10.6168
2M	5	cuda_base	soa	4	4096	256	48k	1	353.879	42.1857
2M	5	cuda_base	soa	4	4096	256	48k	2	353.941	42.1931
2M	5	cuda_base	soa	4	4096	256	48k	3	354.004	42.2005
2M	5	cuda_base	soa	4	4096	256	48k	4	354.206	42.2247
2M	5	cuda_base	soa	8	16	256	48k	1	12.4723	0.743409
2M	5	cuda_base	soa	8	16	256	48k	2	11.981	0.714126
2M	5	cuda_base	soa	8	16	256	48k	3	12.1418	0.723705
2M	5	cuda_base	soa	8	16	256	48k	4	12.0364	0.717424
2M	5	cuda_base	soa	8	64	256	48k	1	12.4495	0.742049
2M	5	cuda_base	soa	8	64	256	48k	2	12.4698	0.74326
2M	5	cuda_base	soa	8	64	256	48k	3	12.4736	0.743484
2M	5	cuda_base	soa	8	64	256	48k	4	12.451	0.74214
2M	5	cuda_base	soa	8	256	256	48k	1	35.9776	2.14443
2M	5	cuda_base	soa	8	256	256	48k	2	35.6098	2.12251
2M	5	cuda_base	soa	8	256	256	48k	3	35.8625	2.13757
2M	5	cuda_base	soa	8	256	256	48k	4	34.3974	2.05024
2M	5	cuda_base	soa	8	1024	256	48k	1	142.841	8.514
2M	5	cuda_base	soa	8	1024	256	48k	2	143.059	8.52696
2M	5	cuda_base	soa	8	1024	256	48k	3	143.135	8.53151
2M	5	cuda_base	soa	8	1024	256	48k	4	143.864	8.57494
2M	5	cuda_base	soa	8	4096	256	48k	1	604.479	36.0298
2M	5	cuda_base	soa	8	4096	256	48k	2	604.076	36.0057
2M	5	cuda_base	soa	8	4096	256	48k	3	603.951	35.9983
2M	5	cuda_base	soa	8	4096	256	48k	4	604.6	36.037
2M	5	cuda_base	soa	16	16	256	48k	1	15.2868	0.455583
2M	5	cuda_base	soa	16	16	256	48k	2	15.7005	0.467911
2M	5	cuda_base	soa	16	16	256	48k	3	16.0497	0.478319
2M	5	cuda_base	soa	16	16	256	48k	4	15.2511	0.454518
2M	5	cuda_base	soa	16	64	256	48k	1	27.8449	0.829842
2M	5	cuda_base	soa	16	64	256	48k	2	27.7063	0.825713
2M	5	cuda_base	soa	16	64	256	48k	3	26.663	0.794618
2M	5	cuda_base	soa	16	64	256	48k	4	28.043	0.835745
2M	5	cuda_base	soa	16	256	256	48k	1	89.7887	2.67591
2M	5	cuda_base	soa	16	256	256	48k	2	91.6598	2.73167
2M	5	cuda_base	soa	16	256	256	48k	3	84.5143	2.51872
2M	5	cuda_base	soa	16	256	256	48k	4	77.3505	2.30522
2M	5	cuda_base	soa	16	1024	256	48k	1	312.324	9.30799
2M	5	cuda_base	soa	16	1024	256	48k	2	297.339	8.8614
2M	5	cuda_base	soa	16	1024	256	48k	3	303.665	9.04992
2M	5	cuda_base	soa	16	1024	256	48k	4	311.472	9.28259
2M	5	cuda_base	soa	16	4096	256	48k	1	1329.74	39.6295
2M	5	cuda_base	soa	16	4096	256	48k	2	1336.18	39.8212
2M	5	cuda_base	soa	16	4096	256	48k	3	1314.45	39.1736
2M	5	cuda_base	soa	16	4096	256	48k	4	1306.08	38.9243
2M	5	cuda_base	soa	32	16	256	48k	1	41.4254	0.617287
2M	5	cuda_base	soa	32	16	256	48k	2	41.9288	0.624787
2M	5	cuda_base	soa	32	16	256	48k	3	41.5333	0.618895
2M	5	cuda_base	soa	32	16	256	48k	4	41.3095	0.61556
2M	5	cuda_base	soa	32	64	256	48k	1	103.813	1.54693
2M	5	cuda_base	soa	32	64	256	48k	2	103.816	1.54698
2M	5	cuda_base	soa	32	64	256	48k	3	103.872	1.54781
2M	5	cuda_base	soa	32	64	256	48k	4	103.879	1.54792
2M	5	cuda_base	soa	32	256	256	48k	1	390.5	5.81891
2M	5	cuda_base	soa	32	256	256	48k	2	390.381	5.81713
2M	5	cuda_base	soa	32	256	256	48k	3	390.422	5.81774
2M	5	cuda_base	soa	32	256	256	48k	4	390.377	5.81706
2M	5	cuda_base	soa	32	1024	256	48k	1	1542.62	22.9869
2M	5	cuda_base	soa	32	1024	256	48k	2	1542.81	22.9897
2M	5	cuda_base	soa	32	1024	256	48k	3	1542.52	22.9853
2M	5	cuda_base	soa	32	1024	256	48k	4	1542.39	22.9833
2M	5	cuda_base	soa	32	4096	256	48k	1	6191.47	92.26
2M	5	cuda_base	soa	32	4096	256	48k	2	6188.21	92.2114
2M	5	cuda_base	soa	32	4096	256	48k	3	6180.59	92.0979
2M	5	cuda_base	soa	32	4096	256	48k	4	6182.46	92.1258
1M	5	cuda_base	soa	64	16	256	48k	1	36.176	0.539064
1M	5	cuda_base	soa	64	16	256	48k	2	36.8792	0.549542
1M	5	cuda_base	soa	64	16	256	48k	3	36.8867	0.549654
1M	5	cuda_base	soa	64	16	256	48k	4	36.1476	0.538642
1M	5	cuda_base	soa	64	64	256	48k	1	102.09	1.52126
1M	5	cuda_base	soa	64	64	256	48k	2	102.075	1.52103
1M	5	cuda_base	soa	64	64	256	48k	3	102.024	1.52027
1M	5	cuda_base	soa	64	64	256	48k	4	102.047	1.52062
1M	5	cuda_base	soa	64	256	256	48k	1	390.227	5.81484
1M	5	cuda_base	soa	64	256	256	48k	2	390.197	5.81439
1M	5	cuda_base	soa	64	256	256	48k	3	390.188	5.81426
1M	5	cuda_base	soa	64	256	256	48k	4	390.274	5.81554
1M	5	cuda_base	soa	64	1024	256	48k	1	1543.56	23.0009
1M	5	cuda_base	soa	64	1024	256	48k	2	1543.42	22.9988
1M	5	cuda_base	soa	64	1024	256	48k	3	1543.23	22.9959
1M	5	cuda_base	soa	64	1024	256	48k	4	1543.49	22.9997
1M	5	cuda_base	soa	64	4096	256	48k	1	6314.84	94.0984
1M	5	cuda_base	soa	64	4096	256	48k	2	6307.16	93.984
1M	5	cuda_base	soa	64	4096	256	48k	3	6319.17	94.163
1M	5	cuda_base	soa	64	4096	256	48k	4	6302.77	93.9186
512k	5	cuda_base	soa	128	16	256	48k	1	32.4603	0.483696
512k	5	cuda_base	soa	128	16	256	48k	2	32.9164	0.490492
512k	5	cuda_base	soa	128	16	256	48k	3	31.825	0.474229
512k	5	cuda_base	soa	128	16	256	48k	4	32.0389	0.477417
512k	5	cuda_base	soa	128	64	256	48k	1	102.255	1.52372
512k	5	cuda_base	soa	128	64	256	48k	2	102.059	1.5208
512k	5	cuda_base	soa	128	64	256	48k	3	102.084	1.52118
512k	5	cuda_base	soa	128	64	256	48k	4	102.263	1.52383
512k	5	cuda_base	soa	128	256	256	48k	1	390.864	5.82432
512k	5	cuda_base	soa	128	256	256	48k	2	390.664	5.82135
512k	5	cuda_base	soa	128	256	256	48k	3	390.819	5.82365
512k	5	cuda_base	soa	128	256	256	48k	4	390.846	5.82406
512k	5	cuda_base	soa	128	1024	256	48k	1	1546.61	23.0463
512k	5	cuda_base	soa	128	1024	256	48k	2	1546.57	23.0457
512k	5	cuda_base	soa	128	1024	256	48k	3	1546.93	23.051
512k	5	cuda_base	soa	128	1024	256	48k	4	1545.93	23.0361
512k	5	cuda_base	soa	128	4096	256	48k	1	6399.95	95.3667
512k	5	cuda_base	soa	128	4096	256	48k	2	6388.38	95.1943
512k	5	cuda_base	soa	128	4096	256	48k	3	6403.44	95.4187
512k	5	cuda_base	soa	128	4096	256	48k	4	6392.91	95.2617
2M	5	cuda_best	aos	4	16	256	48k	1	2.86379	0.34139
2M	5	cuda_best	aos	4	16	256	48k	2	2.8979	0.345457
2M	5	cuda_best	aos	4	16	256	48k	3	2.88547	0.343974
2M	5	cuda_best	aos	4	16	256	48k	4	2.90033	0.345746
2M	5	cuda_best	aos	4	64	256	48k	1	3.9835	0.47487
2M	5	cuda_best	aos	4	64	256	48k	2	3.98073	0.47454
2M	5	cuda_best	aos	4	64	256	48k	3	3.98314	0.474827
2M	5	cuda_best	aos	4	64	256	48k	4	3.97832	0.474253
2M	5	cuda_best	aos	4	256	256	48k	1	7.82646	0.932986
2M	5	cuda_best	aos	4	256	256	48k	2	7.87158	0.938366
2M	5	cuda_best	aos	4	256	256	48k	3	7.82632	0.93297
2M	5	cuda_best	aos	4	256	256	48k	4	7.8968	0.941371
2M	5	cuda_best	aos	4	1024	256	48k	1	26.3553	3.1418
2M	5	cuda_best	aos	4	1024	256	48k	2	26.3172	3.13726
2M	5	cuda_best	aos	4	1024	256	48k	3	26.3404	3.14002
2M	5	cuda_best	aos	4	1024	256	48k	4	26.4353	3.15133
2M	5	cuda_best	aos	4	4096	256	48k	1	101.353	12.0822
2M	5	cuda_best	aos	4	4096	256	48k	2	101.372	12.0845
2M	5	cuda_best	aos	4	4096	256	48k	3	101.35	12.0819
2M	5	cuda_best	aos	4	4096	256	48k	4	101.358	12.0828
2M	5	cuda_best	aos	8	16	256	48k	1	3.13418	0.186812
2M	5	cuda_best	aos	8	16	256	48k	2	3.12989	0.186556
2M	5	cuda_best	aos	8	16	256	48k	3	3.12446	0.186232
2M	5	cuda_best	aos	8	16	256	48k	4	3.1309	0.186616
2M	5	cuda_best	aos	8	64	256	48k	1	4.90843	0.292565
2M	5	cuda_best	aos	8	64	256	48k	2	4.91012	0.292666
2M	5	cuda_best	aos	8	64	256	48k	3	4.90102	0.292124
2M	5	cuda_best	aos	8	64	256	48k	4	4.90661	0.292457
2M	5	cuda_best	aos	8	256	256	48k	1	9.90098	0.590144
2M	5	cuda_best	aos	8	256	256	48k	2	9.89144	0.589576
2M	5	cuda_best	aos	8	256	256	48k	3	9.89708	0.589912
2M	5	cuda_best	aos	8	256	256	48k	4	9.65837	0.575684
2M	5	cuda_best	aos	8	1024	256	48k	1	33.8778	2.01928
2M	5	cuda_best	aos	8	1024	256	48k	2	33.8774	2.01925
2M	5	cuda_best	aos	8	1024	256	48k	3	33.8072	2.01507
2M	5	cuda_best	aos	8	1024	256	48k	4	33.8894	2.01997
2M	5	cuda_best	aos	8	4096	256	48k	1	130.001	7.74867
2M	5	cuda_best	aos	8	4096	256	48k	2	129.958	7.74607
2M	5	cuda_best	aos	8	4096	256	48k	3	129.995	7.74828
2M	5	cuda_best	aos	8	4096	256	48k	4	130.057	7.75201
2M	5	cuda_best	aos	16	16	256	48k	1	3.34431	0.0996681
2M	5	cuda_best	aos	16	16	256	48k	2	3.34744	0.0997616
2M	5	cuda_best	aos	16	16	256	48k	3	3.36031	0.100145
2M	5	cuda_best	aos	16	16	256	48k	4	3.3397	0.0995309
2M	5	cuda_best	aos	16	64	256	48k	1	6.26517	0.186717
2M	5	cuda_best	aos	16	64	256	48k	2	6.26604	0.186742
2M	5	cuda_best	aos	16	64	256	48k	3	6.2786	0.187117
2M	5	cuda_best	aos	16	64	256	48k	4	6.26824	0.186808
2M	5	cuda_best	aos	16	256	256	48k	1	14.3303	0.427076
2M	5	cuda_best	aos	16	256	256	48k	2	14.2598	0.424976
2M	5	cuda_best	aos	16	256	256	48k	3	14.2725	0.425353
2M	5	cuda_best	aos	16	256	256	48k	4	14.3083	0.426422
2M	5	cuda_best	aos	16	1024	256	48k	1	52.4318	1.56259
2M	5	cuda_best	aos	16	1024	256	48k	2	52.569	1.56668
2M	5	cuda_best	aos	16	1024	256	48k	3	53.0194	1.5801
2M	5	cuda_best	aos	16	1024	256	48k	4	52.533	1.5656
2M	5	cuda_best	aos	16	4096	256	48k	1	202.461	6.03381
2M	5	cuda_best	aos	16	4096	256	48k	2	202.557	6.03668
2M	5	cuda_best	aos	16	4096	256	48k	3	202.353	6.03059
2M	5	cuda_best	aos	16	4096	256	48k	4	202.602	6.03802
2M	5	cuda_best	aos	32	16	256	48k	1	7.3151	0.109003
2M	5	cuda_best	aos	32	16	256	48k	2	7.26721	0.10829
2M	5	cuda_best	aos	32	16	256	48k	3	7.34184	0.109402
2M	5	cuda_best	aos	32	16	256	48k	4	7.31592	0.109016
2M	5	cuda_best	aos	32	64	256	48k	1	10.2497	0.152733
2M	5	cuda_best	aos	32	64	256	48k	2	10.2494	0.152728
2M	5	cuda_best	aos	32	64	256	48k	3	10.2496	0.152732
2M	5	cuda_best	aos	32	64	256	48k	4	10.2477	0.152703
2M	5	cuda_best	aos	32	256	256	48k	1	30.7698	0.458505
2M	5	cuda_best	aos	32	256	256	48k	2	30.7964	0.458902
2M	5	cuda_best	aos	32	256	256	48k	3	30.7887	0.458787
2M	5	cuda_best	aos	32	256	256	48k	4	30.817	0.459209
2M	5	cuda_best	aos	32	1024	256	48k	1	105.211	1.56777
2M	5	cuda_best	aos	32	1024	256	48k	2	105.389	1.57042
2M	5	cuda_best	aos	32	1024	256	48k	3	105.555	1.57289
2M	5	cuda_best	aos	32	1024	256	48k	4	108.035	1.60984
2M	5	cuda_best	aos	32	4096	256	48k	1	399.297	5.95
2M	5	cuda_best	aos	32	4096	256	48k	2	399.121	5.94736
2M	5	cuda_best	aos	32	4096	256	48k	3	399.559	5.95389
2M	5	cuda_best	aos	32	4096	256	48k	4	399.782	5.95721
1M	5	cuda_best	aos	64	16	256	48k	1	8.63735	0.128707
1M	5	cuda_best	aos	64	16	256	48k	2	8.94372	0.133272
1M	5	cuda_best	aos	64	16	256	48k	3	8.2604	0.12309
1M	5	cuda_best	aos	64	16	256	48k	4	8.24189	0.122814
1M	5	cuda_best	aos	64	64	256	48k	1	10.4142	0.155184
1M	5	cuda_best	aos	64	64	256	48k	2	10.4135	0.155173
1M	5	cuda_best	aos	64	64	256	48k	3	10.4195	0.155263
1M	5	cuda_best	aos	64	64	256	48k	4	10.417	0.155226
1M	5	cuda_best	aos	64	256	256	48k	1	31.9473	0.476051
1M	5	cuda_best	aos	64	256	256	48k	2	33.8642	0.504615
1M	5	cuda_best	aos	64	256	256	48k	3	31.7302	0.472816
1M	5	cuda_best	aos	64	256	256	48k	4	31.7387	0.472944
1M	5	cuda_best	aos	64	1024	256	48k	1	102.246	1.52359
1M	5	cuda_best	aos	64	1024	256	48k	2	102.171	1.52247
1M	5	cuda_best	aos	64	1024	256	48k	3	102.594	1.52877
1M	5	cuda_best	aos	64	1024	256	48k	4	102.421	1.5262
1M	5	cuda_best	aos	64	4096	256	48k	1	385.249	5.74065
1M	5	cuda_best	aos	64	4096	256	48k	2	384.339	5.72709
1M	5	cuda_best	aos	64	4096	256	48k	3	384.33	5.72696
1M	5	cuda_best	aos	64	4096	256	48k	4	384.273	5.72611
512k	5	cuda_best	aos	128	16	256	48k	1	12.4844	0.186032
512k	5	cuda_best	aos	128	16	256	48k	2	12.4988	0.186247
512k	5	cuda_best	aos	128	16	256	48k	3	12.2472	0.182498
512k	5	cuda_best	aos	128	16	256	48k	4	12.3643	0.184242
512k	5	cuda_best	aos	128	64	256	48k	1	12.4495	0.185512
512k	5	cuda_best	aos	128	64	256	48k	2	12.4806	0.185975
512k	5	cuda_best	aos	128	64	256	48k	3	12.4512	0.185538
512k	5	cuda_best	aos	128	64	256	48k	4	13.1938	0.196602
512k	5	cuda_best	aos	128	256	256	48k	1	41.2554	0.614753
512k	5	cuda_best	aos	128	256	256	48k	2	41.354	0.616223
512k	5	cuda_best	aos	128	256	256	48k	3	41.0602	0.611845
512k	5	cuda_best	aos	128	256	256	48k	4	42.9984	0.640726
512k	5	cuda_best	aos	128	1024	256	48k	1	152.776	2.27654
512k	5	cuda_best	aos	128	1024	256	48k	2	153.183	2.28261
512k	5	cuda_best	aos	128	1024	256	48k	3	153.14	2.28196
512k	5	cuda_best	aos	128	1024	256	48k	4	161.329	2.40398
512k	5	cuda_best	aos	128	4096	256	48k	1	614.174	9.15191
512k	5	cuda_best	aos	128	4096	256	48k	2	623.402	9.28941
512k	5	cuda_best	aos	128	4096	256	48k	3	606.671	9.04011
512k	5	cuda_best	aos	128	4096	256	48k	4	612.892	9.13281
512k	5	cuda_best	soa	4	16	256	48k	1	0.690651	0.329328
512k	5	cuda_best	soa	4	16	256	48k	2	0.703177	0.335301
512k	5	cuda_best	soa	4	16	256	48k	3	0.700276	0.333918
512k	5	cuda_best	soa	4	16	256	48k	4	0.700825	0.334179
512k	5	cuda_best	soa	4	64	256	48k	1	0.981526	0.468028
512k	5	cuda_best	soa	4	64	256	48k	2	0.976912	0.465828
512k	5	cuda_best	soa	4	64	256	48k	3	0.979047	0.466846
512k	5	cuda_best	soa	4	64	256	48k	4	0.977145	0.465939
512k	5	cuda_best	soa	4	256	256	48k	1	1.95916	0.934201
512k	5	cuda_best	soa	4	256	256	48k	2	1.94516	0.927525
512k	5	cuda_best	soa	4	256	256	48k	3	1.95431	0.931885
512k	5	cuda_best	soa	4	256	256	48k	4	1.95327	0.931394
512k	5	cuda_best	soa	4	1024	256	48k	1	6.6678	3.17946
512k	5	cuda_best	soa	4	1024	256	48k	2	6.67006	3.18053
512k	5	cuda_best	soa	4	1024	256	48k	3	6.67205	3.18148
512k	5	cuda_best	soa	4	1024	256	48k	4	6.66229	3.17683
512k	5	cuda_best	soa	4	4096	256	48k	1	25.721	12.2647
512k	5	cuda_best	soa	4	4096	256	48k	2	25.8785	12.3398
512k	5	cuda_best	soa	4	4096	256	48k	3	25.6677	12.2393
512k	5	cuda_best	soa	4	4096	256	48k	4	25.7289	12.2685
512k	5	cuda_best	soa	8	16	256	48k	1	0.776224	0.185066
512k	5	cuda_best	soa	8	16	256	48k	2	0.774774	0.184721
512k	5	cuda_best	soa	8	16	256	48k	3	0.780761	0.186148
512k	5	cuda_best	soa	8	16	256	48k	4	0.778379	0.18558
512k	5	cuda_best	soa	8	64	256	48k	1	1.1949	0.284885
512k	5	cuda_best	soa	8	64	256	48k	2	1.19615	0.285184
512k	5	cuda_best	soa	8	64	256	48k	3	1.19663	0.285299
512k	5	cuda_best	soa	8	64	256	48k	4	1.19511	0.284936
512k	5	cuda_best	soa	8	256	256	48k	1	2.50372	0.596934
512k	5	cuda_best	soa	8	256	256	48k	2	2.49842	0.595669
512k	5	cuda_best	soa	8	256	256	48k	3	2.51072	0.598602
512k	5	cuda_best	soa	8	256	256	48k	4	2.50117	0.596326
512k	5	cuda_best	soa	8	1024	256	48k	1	8.68754	2.07127
512k	5	cuda_best	soa	8	1024	256	48k	2	8.67809	2.06902
512k	5	cuda_best	soa	8	1024	256	48k	3	8.6683	2.06668
512k	5	cuda_best	soa	8	1024	256	48k	4	8.69427	2.07288
512k	5	cuda_best	soa	8	4096	256	48k	1	32.9178	7.84822
512k	5	cuda_best	soa	8	4096	256	48k	2	32.9512	7.85617
512k	5	cuda_best	soa	8	4096	256	48k	3	32.9199	7.84872
512k	5	cuda_best	soa	8	4096	256	48k	4	33.1103	7.89411
512k	5	cuda_best	soa	16	16	256	48k	1	0.938498	0.111878
512k	5	cuda_best	soa	16	16	256	48k	2	0.939844	0.112038
512k	5	cuda_best	soa	16	16	256	48k	3	0.941565	0.112243
512k	5	cuda_best	soa	16	16	256	48k	4	0.941614	0.112249
512k	5	cuda_best	soa	16	64	256	48k	1	1.7382	0.20721
512k	5	cuda_best	soa	16	64	256	48k	2	1.7379	0.207174
512k	5	cuda_best	soa	16	64	256	48k	3	1.7386	0.207257
512k	5	cuda_best	soa	16	64	256	48k	4	1.73405	0.206715
512k	5	cuda_best	soa	16	256	256	48k	1	4.14347	0.49394
512k	5	cuda_best	soa	16	256	256	48k	2	4.14599	0.49424
512k	5	cuda_best	soa	16	256	256	48k	3	4.13994	0.49352
512k	5	cuda_best	soa	16	256	256	48k	4	4.14656	0.494309
512k	5	cuda_best	soa	16	1024	256	48k	1	13.3229	1.58822
512k	5	cuda_best	soa	16	1024	256	48k	2	13.313	1.58703
512k	5	cuda_best	soa	16	1024	256	48k	3	13.4957	1.60881
512k	5	cuda_best	soa	16	1024	256	48k	4	13.3223	1.58815
512k	5	cuda_best	soa	16	4096	256	48k	1	50.8695	6.06412
512k	5	cuda_best	soa	16	4096	256	48k	2	50.8565	6.06257
512k	5	cuda_best	soa	16	4096	256	48k	3	50.8817	6.06557
512k	5	cuda_best	soa	16	4096	256	48k	4	51.0294	6.08318
512k	5	cuda_best	soa	32	16	256	48k	1	2.88228	0.171798
512k	5	cuda_best	soa	32	16	256	48k	2	2.8871	0.172084
512k	5	cuda_best	soa	32	16	256	48k	3	2.89234	0.172397
512k	5	cuda_best	soa	32	16	256	48k	4	2.90031	0.172872
512k	5	cuda_best	soa	32	64	256	48k	1	4.30562	0.256635
512k	5	cuda_best	soa	32	64	256	48k	2	4.30665	0.256696
512k	5	cuda_best	soa	32	64	256	48k	3	4.29245	0.25585
512k	5	cuda_best	soa	32	64	256	48k	4	4.29134	0.255784
512k	5	cuda_best	soa	32	256	256	48k	1	8.09116	0.482271
512k	5	cuda_best	soa	32	256	256	48k	2	8.09821	0.482691
512k	5	cuda_best	soa	32	256	256	48k	3	8.0993	0.482756
512k	5	cuda_best	soa	32	256	256	48k	4	8.09358	0.482415
512k	5	cuda_best	soa	32	1024	256	48k	1	27.0597	1.61288
512k	5	cuda_best	soa	32	1024	256	48k	2	27.1956	1.62098
512k	5	cuda_best	soa	32	1024	256	48k	3	27.0723	1.61364
512k	5	cuda_best	soa	32	1024	256	48k	4	26.8758	1.60193
512k	5	cuda_best	soa	32	4096	256	48k	1	101.126	6.02759
512k	5	cuda_best	soa	32	4096	256	48k	2	100.981	6.01892
512k	5	cuda_best	soa	32	4096	256	48k	3	101.188	6.03129
512k	5	cuda_best	soa	32	4096	256	48k	4	101.068	6.0241
1M	5	cuda_best	soa	64	16	256	48k	1	26.0269	0.387831
1M	5	cuda_best	soa	64	16	256	48k	2	26.4646	0.394353
1M	5	cuda_best	soa	64	16	256	48k	3	25.0951	0.373947
1M	5	cuda_best	soa	64	16	256	48k	4	25.649	0.3822
1M	5	cuda_best	soa	64	64	256	48k	1	31.243	0.465557
1M	5	cuda_best	soa	64	64	256	48k	2	31.6838	0.472125
1M	5	cuda_best	soa	64	64	256	48k	3	31.36	0.467301
1M	5	cuda_best	soa	64	64	256	48k	4	33.9428	0.505786
1M	5	cuda_best	soa	64	256	256	48k	1	35.8001	0.533463
1M	5	cuda_best	soa	64	256	256	48k	2	35.841	0.534073
1M	5	cuda_best	soa	64	256	256	48k	3	35.7973	0.533421
1M	5	cuda_best	soa	64	256	256	48k	4	35.9248	0.535322
1M	5	cuda_best	soa	64	1024	256	48k	1	107.689	1.60468
1M	5	cuda_best	soa	64	1024	256	48k	2	107.675	1.60449
1M	5	cuda_best	soa	64	1024	256	48k	3	108.608	1.61839
1M	5	cuda_best	soa	64	1024	256	48k	4	107.711	1.60502
1M	5	cuda_best	soa	64	4096	256	48k	1	394.714	5.88169
1M	5	cuda_best	soa	64	4096	256	48k	2	394.476	5.87815
1M	5	cuda_best	soa	64	4096	256	48k	3	394.906	5.88456
1M	5	cuda_best	soa	64	4096	256	48k	4	394.095	5.87248
512k	5	cuda_best	soa	128	16	256	48k	1	27.5157	0.410017
512k	5	cuda_best	soa	128	16	256	48k	2	27.8541	0.415059
512k	5	cuda_best	soa	128	16	256	48k	3	27.5254	0.410161
512k	5	cuda_best	soa	128	16	256	48k	4	27.3666	0.407795
512k	5	cuda_best	soa	128	64	256	48k	1	20.5345	0.305987
512k	5	cuda_best	soa	128	64	256	48k	2	20.4844	0.305241
512k	5	cuda_best	soa	128	64	256	48k	3	20.5969	0.306918
512k	5	cuda_best	soa	128	64	256	48k	4	20.2881	0.302316
512k	5	cuda_best	soa	128	256	256	48k	1	44.6897	0.665929
512k	5	cuda_best	soa	128	256	256	48k	2	45.0156	0.670785
512k	5	cuda_best	soa	128	256	256	48k	3	44.9103	0.669216
512k	5	cuda_best	soa	128	256	256	48k	4	45.1225	0.672378
512k	5	cuda_best	soa	128	1024	256	48k	1	137.381	2.04714
512k	5	cuda_best	soa	128	1024	256	48k	2	137.183	2.04419
512k	5	cuda_best	soa	128	1024	256	48k	3	137.337	2.04648
512k	5	cuda_best	soa	128	1024	256	48k	4	137.733	2.05238
512k	5	cuda_best	soa	128	4096	256	48k	1	524.429	7.81461
512k	5	cuda_best	soa	128	4096	256	48k	2	527.677	7.863
512k	5	cuda_best	soa	128	4096	256	48k	3	525.702	7.83357
512k	5	cuda_best	soa	128	4096	256	48k	4	530.673	7.90765
2M	5	cuda_fused_fixed	aos	4	16	256	48k	1	1.9854	0.236678
2M	5	cuda_fused_fixed	aos	4	16	256	48k	2	2.09247	0.249442
2M	5	cuda_fused_fixed	aos	4	16	256	48k	3	1.94757	0.232168
2M	5	cuda_fused_fixed	aos	4	16	256	48k	4	2.14691	0.255932
2M	5	cuda_fused_fixed	aos	4	64	256	48k	1	3.06928	0.365886
2M	5	cuda_fused_fixed	aos	4	64	256	48k	2	3.03609	0.36193
2M	5	cuda_fused_fixed	aos	4	64	256	48k	3	3.10288	0.369892
2M	5	cuda_fused_fixed	aos	4	64	256	48k	4	3.04572	0.363078
2M	5	cuda_fused_fixed	aos	4	256	256	48k	1	7.23311	0.862254
2M	5	cuda_fused_fixed	aos	4	256	256	48k	2	7.23373	0.862328
2M	5	cuda_fused_fixed	aos	4	256	256	48k	3	7.23478	0.862453
2M	5	cuda_fused_fixed	aos	4	256	256	48k	4	7.23766	0.862796
2M	5	cuda_fused_fixed	aos	4	1024	256	48k	1	24.9567	2.97507
2M	5	cuda_fused_fixed	aos	4	1024	256	48k	2	24.9465	2.97385
2M	5	cuda_fused_fixed	aos	4	1024	256	48k	3	24.9645	2.976
2M	5	cuda_fused_fixed	aos	4	1024	256	48k	4	24.9436	2.97351
2M	5	cuda_fused_fixed	aos	4	4096	256	48k	1	98.9295	11.7933
2M	5	cuda_fused_fixed	aos	4	4096	256	48k	2	98.9896	11.8005
2M	5	cuda_fused_fixed	aos	4	4096	256	48k	3	98.9594	11.7969
2M	5	cuda_fused_fixed	aos	4	4096	256	48k	4	98.9449	11.7951
2M	5	cuda_fused_fixed	aos	8	16	256	48k	1	3.15661	0.188149
2M	5	cuda_fused_fixed	aos	8	16	256	48k	2	2.94566	0.175575
2M	5	cuda_fused_fixed	aos	8	16	256	48k	3	3.06761	0.182844
2M	5	cuda_fused_fixed	aos	8	16	256	48k	4	3.09116	0.184247
2M	5	cuda_fused_fixed	aos	8	64	256	48k	1	4.71017	0.280748
2M	5	cuda_fused_fixed	aos	8	64	256	48k	2	4.93106	0.293914
2M	5	cuda_fused_fixed	aos	8	64	256	48k	3	4.95396	0.295279
2M	5	cuda_fused_fixed	aos	8	64	256	48k	4	4.50352	0.268431
2M	5	cuda_fused_fixed	aos	8	256	256	48k	1	10.2319	0.609869
2M	5	cuda_fused_fixed	aos	8	256	256	48k	2	10.2156	0.608897
2M	5	cuda_fused_fixed	aos	8	256	256	48k	3	10.2097	0.608546
2M	5	cuda_fused_fixed	aos	8	256	256	48k	4	10.2101	0.60857
2M	5	cuda_fused_fixed	aos	8	1024	256	48k	1	36.902	2.19953
2M	5	cuda_fused_fixed	aos	8	1024	256	48k	2	36.9131	2.20019
2M	5	cuda_fused_fixed	aos	8	1024	256	48k	3	36.9454	2.20212
2M	5	cuda_fused_fixed	aos	8	1024	256	48k	4	36.9267	2.201
2M	5	cuda_fused_fixed	aos	8	4096	256	48k	1	145.757	8.68778
2M	5	cuda_fused_fixed	aos	8	4096	256	48k	2	145.71	8.68502
2M	5	cuda_fused_fixed	aos	8	4096	256	48k	3	145.673	8.68278
2M	5	cuda_fused_fixed	aos	8	4096	256	48k	4	145.718	8.68547
2M	5	cuda_fused_fixed	aos	16	16	256	48k	1	5.18741	0.154597
2M	5	cuda_fused_fixed	aos	16	16	256	48k	2	6.17532	0.184039
2M	5	cuda_fused_fixed	aos	16	16	256	48k	3	6.04361	0.180114
2M	5	cuda_fused_fixed	aos	16	16	256	48k	4	4.55491	0.135747
2M	5	cuda_fused_fixed	aos	16	64	256	48k	1	7.46299	0.222414
2M	5	cuda_fused_fixed	aos	16	64	256	48k	2	7.23711	0.215683
2M	5	cuda_fused_fixed	aos	16	64	256	48k	3	7.2189	0.21514
2M	5	cuda_fused_fixed	aos	16	64	256	48k	4	7.1487	0.213048
2M	5	cuda_fused_fixed	aos	16	256	256	48k	1	19.5908	0.583851
2M	5	cuda_fused_fixed	aos	16	256	256	48k	2	19.5812	0.583566
2M	5	cuda_fused_fixed	aos	16	256	256	48k	3	19.5754	0.583392
2M	5	cuda_fused_fixed	aos	16	256	256	48k	4	19.5397	0.582328
2M	5	cuda_fused_fixed	aos	16	1024	256	48k	1	72.917	2.17309
2M	5	cuda_fused_fixed	aos	16	1024	256	48k	2	72.9055	2.17275
2M	5	cuda_fused_fixed	aos	16	1024	256	48k	3	72.9712	2.17471
2M	5	cuda_fused_fixed	aos	16	1024	256	48k	4	72.9613	2.17442
2M	5	cuda_fused_fixed	aos	16	4096	256	48k	1	288.505	8.59813
2M	5	cuda_fused_fixed	aos	16	4096	256	48k	2	288.14	8.58723
2M	5	cuda_fused_fixed	aos	16	4096	256	48k	3	288.221	8.58966
2M	5	cuda_fused_fixed	aos	16	4096	256	48k	4	288.296	8.59189
2M	5	cuda_fused_fixed	aos	32	16	256	48k	1	12.5818	0.187484
2M	5	cuda_fused_fixed	aos	32	16	256	48k	2	13.1588	0.196081
2M	5	cuda_fused_fixed	aos	32	16	256	48k	3	13.3388	0.198763
2M	5	cuda_fused_fixed	aos	32	16	256	48k	4	12.433	0.185266
2M	5	cuda_fused_fixed	aos	32	64	256	48k	1	18.3416	0.273312
2M	5	cuda_fused_fixed	aos	32	64	256	48k	2	15.9559	0.237762
2M	5	cuda_fused_fixed	aos	32	64	256	48k	3	16.964	0.252784
2M	5	cuda_fused_fixed	aos	32	64	256	48k	4	19.207	0.286207
2M	5	cuda_fused_fixed	aos	32	256	256	48k	1	37.4101	0.557453
2M	5	cuda_fused_fixed	aos	32	256	256	48k	2	37.3288	0.556243
2M	5	cuda_fused_fixed	aos	32	256	256	48k	3	37.33	0.55626
2M	5	cuda_fused_fixed	aos	32	256	256	48k	4	37.2398	0.554916
2M	5	cuda_fused_fixed	aos	32	1024	256	48k	1	135.712	2.02226
2M	5	cuda_fused_fixed	aos	32	1024	256	48k	2	136.22	2.02984
2M	5	cuda_fused_fixed	aos	32	1024	256	48k	3	135.575	2.02023
2M	5	cuda_fused_fixed	aos	32	1024	256	48k	4	137.649	2.05113
2M	5	cuda_fused_fixed	aos	32	4096	256	48k	1	537.499	8.00936
2M	5	cuda_fused_fixed	aos	32	4096	256	48k	2	537.776	8.01349
2M	5	cuda_fused_fixed	aos	32	4096	256	48k	3	537.151	8.00417
2M	5	cuda_fused_fixed	aos	32	4096	256	48k	4	538.009	8.01696
1M	5	cuda_fused_fixed	aos	64	16	256	48k	1	16.0265	0.238814
1M	5	cuda_fused_fixed	aos	64	16	256	48k	2	15.0577	0.224378
1M	5	cuda_fused_fixed	aos	64	16	256	48k	3	17.4066	0.259378
1M	5	cuda_fused_fixed	aos	64	16	256	48k	4	13.8574	0.206491
1M	5	cuda_fused_fixed	aos	64	64	256	48k	1	16.995	0.253245
1M	5	cuda_fused_fixed	aos	64	64	256	48k	2	19.0311	0.283586
1M	5	cuda_fused_fixed	aos	64	64	256	48k	3	16.725	0.249222
1M	5	cuda_fused_fixed	aos	64	64	256	48k	4	16.632	0.247835
1M	5	cuda_fused_fixed	aos	64	256	256	48k	1	41.9425	0.624993
1M	5	cuda_fused_fixed	aos	64	256	256	48k	2	39.5209	0.588908
1M	5	cuda_fused_fixed	aos	64	256	256	48k	3	39.4436	0.587755
1M	5	cuda_fused_fixed	aos	64	256	256	48k	4	39.5318	0.589069
1M	5	cuda_fused_fixed	aos	64	1024	256	48k	1	142.959	2.13025
1M	5	cuda_fused_fixed	aos	64	1024	256	48k	2	143.644	2.14046
1M	5	cuda_fused_fixed	aos	64	1024	256	48k	3	143.11	2.13251
1M	5	cuda_fused_fixed	aos	64	1024	256	48k	4	143.344	2.136
1M	5	cuda_fused_fixed	aos	64	4096	256	48k	1	786.956	11.7266
1M	5	cuda_fused_fixed	aos	64	4096	256	48k	2	792.008	11.8018
1M	5	cuda_fused_fixed	aos	64	4096	256	48k	3	830.542	12.376
1M	5	cuda_fused_fixed	aos	64	4096	256	48k	4	707.065	10.5361
512k	5	cuda_fused_fixed	aos	128	16	256	48k	1	17.8466	0.265934
512k	5	cuda_fused_fixed	aos	128	16	256	48k	2	32.3418	0.48193
512k	5	cuda_fused_fixed	aos	128	16	256	48k	3	17.1832	0.25605
512k	5	cuda_fused_fixed	aos	128	16	256	48k	4	17.5006	0.26078
512k	5	cuda_fused_fixed	aos	128	64	256	48k	1	16.4126	0.244567
512k	5	cuda_fused_fixed	aos	128	64	256	48k	2	16.5701	0.246914
512k	5	cuda_fused_fixed	aos	128	64	256	48k	3	16.3402	0.243488
512k	5	cuda_fused_fixed	aos	128	64	256	48k	4	16.4536	0.245178
512k	5	cuda_fused_fixed	aos	128	256	256	48k	1	43.7803	0.652377
512k	5	cuda_fused_fixed	aos	128	256	256	48k	2	42.6287	0.635217
512k	5	cuda_fused_fixed	aos	128	256	256	48k	3	41.8109	0.623031
512k	5	cuda_fused_fixed	aos	128	256	256	48k	4	41.7947	0.62279
512k	5	cuda_fused_fixed	aos	128	1024	256	48k	1	168.662	2.51327
512k	5	cuda_fused_fixed	aos	128	1024	256	48k	2	158.08	2.35558
512k	5	cuda_fused_fixed	aos	128	1024	256	48k	3	159.624	2.37858
512k	5	cuda_fused_fixed	aos	128	1024	256	48k	4	194.601	2.89978
512k	5	cuda_fused_fixed	aos	128	4096	256	48k	1	1185.64	17.6675
512k	5	cuda_fused_fixed	aos	128	4096	256	48k	2	1201.89	17.9096
512k	5	cuda_fused_fixed	aos	128	4096	256	48k	3	1195.67	17.8168
512k	5	cuda_fused_fixed	aos	128	4096	256	48k	4	1213.82	18.0873
512k	5	cuda_fused_fixed	aos,soa	4	16	256	48k	1	0.462039	0.220318
512k	5	cuda_fused_fixed	aos,soa	4	16	256	48k	2	0.467761	0.223046
512k	5	cuda_fused_fixed	aos,soa	4	16	256	48k	3	0.45973	0.219216
512k	5	cuda_fused_fixed	aos,soa	4	16	256	48k	4	0.453634	0.21631
512k	5	cuda_fused_fixed	aos,soa	4	64	256	48k	1	0.750738	0.35798
512k	5	cuda_fused_fixed	aos,soa	4	64	256	48k	2	0.742995	0.354288
512k	5	cuda_fused_fixed	aos,soa	4	64	256	48k	3	0.754942	0.359984
512k	5	cuda_fused_fixed	aos,soa	4	64	256	48k	4	0.746316	0.355871
512k	5	cuda_fused_fixed	aos,soa	4	256	256	48k	1	1.86914	0.891273
512k	5	cuda_fused_fixed	aos,soa	4	256	256	48k	2	1.86464	0.889128
512k	5	cuda_fused_fixed	aos,soa	4	256	256	48k	3	1.87212	0.892695
512k	5	cuda_fused_fixed	aos,soa	4	256	256	48k	4	1.86925	0.891328
512k	5	cuda_fused_fixed	aos,soa	4	1024	256	48k	1	6.90792	3.29395
512k	5	cuda_fused_fixed	aos,soa	4	1024	256	48k	2	6.90369	3.29193
512k	5	cuda_fused_fixed	aos,soa	4	1024	256	48k	3	6.88878	3.28482
512k	5	cuda_fused_fixed	aos,soa	4	1024	256	48k	4	6.9012	3.29075
512k	5	cuda_fused_fixed	aos,soa	4	4096	256	48k	1	25.0543	11.9468
512k	5	cuda_fused_fixed	aos,soa	4	4096	256	48k	2	25.2099	12.021
512k	5	cuda_fused_fixed	aos,soa	4	4096	256	48k	3	25.1597	11.9971
512k	5	cuda_fused_fixed	aos,soa	4	4096	256	48k	4	25.1508	11.9928
512k	5	cuda_fused_fixed	aos,soa	8	16	256	48k	1	0.623677	0.148696
512k	5	cuda_fused_fixed	aos,soa	8	16	256	48k	2	0.653863	0.155893
512k	5	cuda_fused_fixed	aos,soa	8	16	256	48k	3	0.644521	0.153666
512k	5	cuda_fused_fixed	aos,soa	8	16	256	48k	4	0.65509	0.156186
512k	5	cuda_fused_fixed	aos,soa	8	64	256	48k	1	1.02489	0.244352
512k	5	cuda_fused_fixed	aos,soa	8	64	256	48k	2	1.01193	0.241263
512k	5	cuda_fused_fixed	aos,soa	8	64	256	48k	3	0.991702	0.23644
512k	5	cuda_fused_fixed	aos,soa	8	64	256	48k	4	1.01327	0.241581
512k	5	cuda_fused_fixed	aos,soa	8	256	256	48k	1	2.6654	0.63548
512k	5	cuda_fused_fixed	aos,soa	8	256	256	48k	2	2.67416	0.637569
512k	5	cuda_fused_fixed	aos,soa	8	256	256	48k	3	2.67018	0.636621
512k	5	cuda_fused_fixed	aos,soa	8	256	256	48k	4	2.66535	0.635469
512k	5	cuda_fused_fixed	aos,soa	8	1024	256	48k	1	9.50929	2.26719
512k	5	cuda_fused_fixed	aos,soa	8	1024	256	48k	2	9.515	2.26855
512k	5	cuda_fused_fixed	aos,soa	8	1024	256	48k	3	9.49592	2.264
512k	5	cuda_fused_fixed	aos,soa	8	1024	256	48k	4	9.503	2.26569
512k	5	cuda_fused_fixed	aos,soa	8	4096	256	48k	1	37.189	8.86655
512k	5	cuda_fused_fixed	aos,soa	8	4096	256	48k	2	37.2025	8.86976
512k	5	cuda_fused_fixed	aos,soa	8	4096	256	48k	3	37.1425	8.85546
512k	5	cuda_fused_fixed	aos,soa	8	4096	256	48k	4	37.1213	8.85042
512k	5	cuda_fused_fixed	aos,soa	16	16	256	48k	1	1.13538	0.135348
512k	5	cuda_fused_fixed	aos,soa	16	16	256	48k	2	1.13658	0.135491
512k	5	cuda_fused_fixed	aos,soa	16	16	256	48k	3	1.25618	0.149748
512k	5	cuda_fused_fixed	aos,soa	16	16	256	48k	4	1.10227	0.1314
512k	5	cuda_fused_fixed	aos,soa	16	64	256	48k	1	1.75444	0.209145
512k	5	cuda_fused_fixed	aos,soa	16	64	256	48k	2	1.7601	0.20982
512k	5	cuda_fused_fixed	aos,soa	16	64	256	48k	3	1.77635	0.211757
512k	5	cuda_fused_fixed	aos,soa	16	64	256	48k	4	1.75239	0.208901
512k	5	cuda_fused_fixed	aos,soa	16	256	256	48k	1	5.09426	0.607283
512k	5	cuda_fused_fixed	aos,soa	16	256	256	48k	2	5.08256	0.605888
512k	5	cuda_fused_fixed	aos,soa	16	256	256	48k	3	5.09209	0.607025
512k	5	cuda_fused_fixed	aos,soa	16	256	256	48k	4	5.09291	0.607122
512k	5	cuda_fused_fixed	aos,soa	16	1024	256	48k	1	18.4624	2.2009
512k	5	cuda_fused_fixed	aos,soa	16	1024	256	48k	2	18.4867	2.20379
512k	5	cuda_fused_fixed	aos,soa	16	1024	256	48k	3	18.3502	2.18751
512k	5	cuda_fused_fixed	aos,soa	16	1024	256	48k	4	18.3518	2.1877
512k	5	cuda_fused_fixed	aos,soa	16	4096	256	48k	1	72.4664	8.63867
512k	5	cuda_fused_fixed	aos,soa	16	4096	256	48k	2	72.3724	8.62746
512k	5	cuda_fused_fixed	aos,soa	16	4096	256	48k	3	72.4002	8.63078
512k	5	cuda_fused_fixed	aos,soa	16	4096	256	48k	4	72.4936	8.64191
512k	5	cuda_fused_fixed	aos,soa	32	16	256	48k	1	3.10808	0.185256
512k	5	cuda_fused_fixed	aos,soa	32	16	256	48k	2	3.08882	0.184108
512k	5	cuda_fused_fixed	aos,soa	32	16	256	48k	3	3.10153	0.184866
512k	5	cuda_fused_fixed	aos,soa	32	16	256	48k	4	3.04802	0.181676
512k	5	cuda_fused_fixed	aos,soa	32	64	256	48k	1	4.27001	0.254512
512k	5	cuda_fused_fixed	aos,soa	32	64	256	48k	2	4.2523	0.253457
512k	5	cuda_fused_fixed	aos,soa	32	64	256	48k	3	4.26455	0.254187
512k	5	cuda_fused_fixed	aos,soa	32	64	256	48k	4	4.31627	0.25727
512k	5	cuda_fused_fixed	aos,soa	32	256	256	48k	1	10.4995	0.625819
512k	5	cuda_fused_fixed	aos,soa	32	256	256	48k	2	9.92804	0.591757
512k	5	cuda_fused_fixed	aos,soa	32	256	256	48k	3	9.9887	0.595373
512k	5	cuda_fused_fixed	aos,soa	32	256	256	48k	4	9.93214	0.592002
512k	5	cuda_fused_fixed	aos,soa	32	1024	256	48k	1	34.7543	2.07152
512k	5	cuda_fused_fixed	aos,soa	32	1024	256	48k	2	34.9797	2.08495
512k	5	cuda_fused_fixed	aos,soa	32	1024	256	48k	3	34.7932	2.07384
512k	5	cuda_fused_fixed	aos,soa	32	1024	256	48k	4	34.8059	2.0746
512k	5	cuda_fused_fixed	aos,soa	32	4096	256	48k	1	137.425	8.19114
512k	5	cuda_fused_fixed	aos,soa	32	4096	256	48k	2	137.327	8.18535
512k	5	cuda_fused_fixed	aos,soa	32	4096	256	48k	3	137.456	8.193
512k	5	cuda_fused_fixed	aos,soa	32	4096	256	48k	4	137.132	8.17371
1M	5	cuda_fused_fixed	aos,soa	64	16	256	48k	1	10.8017	0.160957
1M	5	cuda_fused_fixed	aos,soa	64	16	256	48k	2	10.7882	0.160757
1M	5	cuda_fused_fixed	aos,soa	64	16	256	48k	3	10.9998	0.16391
1M	5	cuda_fused_fixed	aos,soa	64	16	256	48k	4	11.5502	0.172111
1M	5	cuda_fused_fixed	aos,soa	64	64	256	48k	1	15.462	0.230402
1M	5	cuda_fused_fixed	aos,soa	64	64	256	48k	2	15.5058	0.231054
1M	5	cuda_fused_fixed	aos,soa	64	64	256	48k	3	15.391	0.229344
1M	5	cuda_fused_fixed	aos,soa	64	64	256	48k	4	15.4545	0.230289
1M	5	cuda_fused_fixed	aos,soa	64	256	256	48k	1	40.094	0.597447
1M	5	cuda_fused_fixed	aos,soa	64	256	256	48k	2	40.2106	0.599184
1M	5	cuda_fused_fixed	aos,soa	64	256	256	48k	3	39.8918	0.594434
1M	5	cuda_fused_fixed	aos,soa	64	256	256	48k	4	41.9892	0.625688
1M	5	cuda_fused_fixed	aos,soa	64	1024	256	48k	1	143.828	2.1432
1M	5	cuda_fused_fixed	aos,soa	64	1024	256	48k	2	143.426	2.13721
1M	5	cuda_fused_fixed	aos,soa	64	1024	256	48k	3	143.358	2.1362
1M	5	cuda_fused_fixed	aos,soa	64	1024	256	48k	4	143.389	2.13666
1M	5	cuda_fused_fixed	aos,soa	64	4096	256	48k	1	1189.97	17.7319
1M	5	cuda_fused_fixed	aos,soa	64	4096	256	48k	2	1201.17	17.8988
1M	5	cuda_fused_fixed	aos,soa	64	4096	256	48k	3	1190.27	17.7363
1M	5	cuda_fused_fixed	aos,soa	64	4096	256	48k	4	1198.3	17.8561
512k	5	cuda_fused_fixed	aos,soa	128	16	256	48k	1	12.5485	0.186987
512k	5	cuda_fused_fixed	aos,soa	128	16	256	48k	2	13.3994	0.199667
512k	5	cuda_fused_fixed	aos,soa	128	16	256	48k	3	13.6677	0.203664
512k	5	cuda_fused_fixed	aos,soa	128	16	256	48k	4	12.6424	0.188387
512k	5	cuda_fused_fixed	aos,soa	128	64	256	48k	1	16.279	0.242576
512k	5	cuda_fused_fixed	aos,soa	128	64	256	48k	2	16.2234	0.241747
512k	5	cuda_fused_fixed	aos,soa	128	64	256	48k	3	16.2555	0.242225
512k	5	cuda_fused_fixed	aos,soa	128	64	256	48k	4	16.3007	0.242899
512k	5	cuda_fused_fixed	aos,soa	128	256	256	48k	1	42.7171	0.636534
512k	5	cuda_fused_fixed	aos,soa	128	256	256	48k	2	42.1364	0.627881
512k	5	cuda_fused_fixed	aos,soa	128	256	256	48k	3	43.0193	0.641038
512k	5	cuda_fused_fixed	aos,soa	128	256	256	48k	4	42.3714	0.631384
512k	5	cuda_fused_fixed	aos,soa	128	1024	256	48k	1	173.581	2.58656
512k	5	cuda_fused_fixed	aos,soa	128	1024	256	48k	2	167.531	2.49641
512k	5	cuda_fused_fixed	aos,soa	128	1024	256	48k	3	162.117	2.41572
512k	5	cuda_fused_fixed	aos,soa	128	1024	256	48k	4	166.628	2.48295
512k	5	cuda_fused_fixed	aos,soa	128	4096	256	48k	1	1547.72	23.0629
512k	5	cuda_fused_fixed	aos,soa	128	4096	256	48k	2	1540.24	22.9514
512k	5	cuda_fused_fixed	aos,soa	128	4096	256	48k	3	1492.55	22.2407
512k	5	cuda_fused_fixed	aos,soa	128	4096	256	48k	4	1521.54	22.6726
512k	5	cuda_fused_fixed	soa,aos	4	16	256	48k	1	0.497869	0.237402
512k	5	cuda_fused_fixed	soa,aos	4	16	256	48k	2	0.50396	0.240307
512k	5	cuda_fused_fixed	soa,aos	4	16	256	48k	3	0.496863	0.236923
512k	5	cuda_fused_fixed	soa,aos	4	16	256	48k	4	0.492364	0.234778
512k	5	cuda_fused_fixed	soa,aos	4	64	256	48k	1	0.782118	0.372943
512k	5	cuda_fused_fixed	soa,aos	4	64	256	48k	2	0.791051	0.377203
512k	5	cuda_fused_fixed	soa,aos	4	64	256	48k	3	0.800229	0.381579
512k	5	cuda_fused_fixed	soa,aos	4	64	256	48k	4	0.796612	0.379854
512k	5	cuda_fused_fixed	soa,aos	4	256	256	48k	1	1.84936	0.881845
512k	5	cuda_fused_fixed	soa,aos	4	256	256	48k	2	1.85676	0.885372
512k	5	cuda_fused_fixed	soa,aos	4	256	256	48k	3	1.84592	0.880201
512k	5	cuda_fused_fixed	soa,aos	4	256	256	48k	4	1.848	0.881195
512k	5	cuda_fused_fixed	soa,aos	4	1024	256	48k	1	6.85783	3.27007
512k	5	cuda_fused_fixed	soa,aos	4	1024	256	48k	2	6.86276	3.27242
512k	5	cuda_fused_fixed	soa,aos	4	1024	256	48k	3	6.85712	3.26973
512k	5	cuda_fused_fixed	soa,aos	4	1024	256	48k	4	6.85474	3.26859
512k	5	cuda_fused_fixed	soa,aos	4	4096	256	48k	1	24.8858	11.8665
512k	5	cuda_fused_fixed	soa,aos	4	4096	256	48k	2	25.0289	11.9347
512k	5	cuda_fused_fixed	soa,aos	4	4096	256	48k	3	24.9734	11.9082
512k	5	cuda_fused_fixed	soa,aos	4	4096	256	48k	4	25.0273	11.9339
512k	5	cuda_fused_fixed	soa,aos	8	16	256	48k	1	0.71074	0.169454
512k	5	cuda_fused_fixed	soa,aos	8	16	256	48k	2	0.75631	0.180318
512k	5	cuda_fused_fixed	soa,aos	8	16	256	48k	3	0.735642	0.175391
512k	5	cuda_fused_fixed	soa,aos	8	16	256	48k	4	0.743392	0.177238
512k	5	cuda_fused_fixed	soa,aos	8	64	256	48k	1	1.12448	0.268096
512k	5	cuda_fused_fixed	soa,aos	8	64	256	48k	2	1.12678	0.268646
512k	5	cuda_fused_fixed	soa,aos	8	64	256	48k	3	1.14346	0.272623
512k	5	cuda_fused_fixed	soa,aos	8	64	256	48k	4	1.06174	0.253138
512k	5	cuda_fused_fixed	soa,aos	8	256	256	48k	1	2.54805	0.607503
512k	5	cuda_fused_fixed	soa,aos	8	256	256	48k	2	2.54689	0.607226
512k	5	cuda_fused_fixed	soa,aos	8	256	256	48k	3	2.54981	0.607921
512k	5	cuda_fused_fixed	soa,aos	8	256	256	48k	4	2.55119	0.60825
512k	5	cuda_fused_fixed	soa,aos	8	1024	256	48k	1	9.46335	2.25624
512k	5	cuda_fused_fixed	soa,aos	8	1024	256	48k	2	9.45469	2.25417
512k	5	cuda_fused_fixed	soa,aos	8	1024	256	48k	3	9.43819	2.25024
512k	5	cuda_fused_fixed	soa,aos	8	1024	256	48k	4	9.44636	2.25219
512k	5	cuda_fused_fixed	soa,aos	8	4096	256	48k	1	37.3764	8.91122
512k	5	cuda_fused_fixed	soa,aos	8	4096	256	48k	2	37.1823	8.86494
512k	5	cuda_fused_fixed	soa,aos	8	4096	256	48k	3	37.1729	8.86271
512k	5	cuda_fused_fixed	soa,aos	8	4096	256	48k	4	37.3047	8.89414
512k	5	cuda_fused_fixed	soa,aos	16	16	256	48k	1	1.29191	0.154008
512k	5	cuda_fused_fixed	soa,aos	16	16	256	48k	2	1.34543	0.160388
512k	5	cuda_fused_fixed	soa,aos	16	16	256	48k	3	1.45634	0.173609
512k	5	cuda_fused_fixed	soa,aos	16	16	256	48k	4	1.14871	0.136937
512k	5	cuda_fused_fixed	soa,aos	16	64	256	48k	1	1.87207	0.223168
512k	5	cuda_fused_fixed	soa,aos	16	64	256	48k	2	2.05325	0.244767
512k	5	cuda_fused_fixed	soa,aos	16	64	256	48k	3	1.76603	0.210527
512k	5	cuda_fused_fixed	soa,aos	16	64	256	48k	4	1.76983	0.21098
512k	5	cuda_fused_fixed	soa,aos	16	256	256	48k	1	4.77125	0.568777
512k	5	cuda_fused_fixed	soa,aos	16	256	256	48k	2	4.77861	0.569655
512k	5	cuda_fused_fixed	soa,aos	16	256	256	48k	3	4.78091	0.569928
512k	5	cuda_fused_fixed	soa,aos	16	256	256	48k	4	4.77284	0.568967
512k	5	cuda_fused_fixed	soa,aos	16	1024	256	48k	1	16.6848	1.98898
512k	5	cuda_fused_fixed	soa,aos	16	1024	256	48k	2	16.7275	1.99408
512k	5	cuda_fused_fixed	soa,aos	16	1024	256	48k	3	16.7325	1.99467
512k	5	cuda_fused_fixed	soa,aos	16	1024	256	48k	4	16.8805	2.01231
512k	5	cuda_fused_fixed	soa,aos	16	4096	256	48k	1	65.807	7.84481
512k	5	cuda_fused_fixed	soa,aos	16	4096	256	48k	2	66.003	7.86817
512k	5	cuda_fused_fixed	soa,aos	16	4096	256	48k	3	65.9542	7.86236
512k	5	cuda_fused_fixed	soa,aos	16	4096	256	48k	4	65.9076	7.85679
512k	5	cuda_fused_fixed	soa,aos	32	16	256	48k	1	2.87031	0.171084
512k	5	cuda_fused_fixed	soa,aos	32	16	256	48k	2	3.55536	0.211916
512k	5	cuda_fused_fixed	soa,aos	32	16	256	48k	3	2.87185	0.171175
512k	5	cuda_fused_fixed	soa,aos	32	16	256	48k	4	2.56516	0.152895
512k	5	cuda_fused_fixed	soa,aos	32	64	256	48k	1	3.68672	0.219746
512k	5	cuda_fused_fixed	soa,aos	32	64	256	48k	2	4.27597	0.254868
512k	5	cuda_fused_fixed	soa,aos	32	64	256	48k	3	3.73568	0.222664
512k	5	cuda_fused_fixed	soa,aos	32	64	256	48k	4	3.9273	0.234086
512k	5	cuda_fused_fixed	soa,aos	32	256	256	48k	1	9.95707	0.593488
512k	5	cuda_fused_fixed	soa,aos	32	256	256	48k	2	9.92927	0.591831
512k	5	cuda_fused_fixed	soa,aos	32	256	256	48k	3	9.7594	0.581706
512k	5	cuda_fused_fixed	soa,aos	32	256	256	48k	4	9.75489	0.581437
512k	5	cuda_fused_fixed	soa,aos	32	1024	256	48k	1	32.4157	1.93213
512k	5	cuda_fused_fixed	soa,aos	32	1024	256	48k	2	32.5688	1.94125
512k	5	cuda_fused_fixed	soa,aos	32	1024	256	48k	3	32.6883	1.94838
512k	5	cuda_fused_fixed	soa,aos	32	1024	256	48k	4	32.6063	1.94349
512k	5	cuda_fused_fixed	soa,aos	32	4096	256	48k	1	127.993	7.62895
512k	5	cuda_fused_fixed	soa,aos	32	4096	256	48k	2	128.635	7.66722
512k	5	cuda_fused_fixed	soa,aos	32	4096	256	48k	3	128.667	7.66917
512k	5	cuda_fused_fixed	soa,aos	32	4096	256	48k	4	128.283	7.64626
1M	5	cuda_fused_fixed	soa,aos	64	16	256	48k	1	11.1255	0.165782
1M	5	cuda_fused_fixed	soa,aos	64	16	256	48k	2	10.9019	0.162451
1M	5	cuda_fused_fixed	soa,aos	64	16	256	48k	3	14.7942	0.220451
1M	5	cuda_fused_fixed	soa,aos	64	16	256	48k	4	10.7817	0.16066
1M	5	cuda_fused_fixed	soa,aos	64	64	256	48k	1	13.0971	0.195162
1M	5	cuda_fused_fixed	soa,aos	64	64	256	48k	2	14.2476	0.212306
1M	5	cuda_fused_fixed	soa,aos	64	64	256	48k	3	13.3699	0.199227
1M	5	cuda_fused_fixed	soa,aos	64	64	256	48k	4	12.7683	0.190262
1M	5	cuda_fused_fixed	soa,aos	64	256	256	48k	1	36.411	0.542566
1M	5	cuda_fused_fixed	soa,aos	64	256	256	48k	2	36.4828	0.543637
1M	5	cuda_fused_fixed	soa,aos	64	256	256	48k	3	37.921	0.565067
1M	5	cuda_fused_fixed	soa,aos	64	256	256	48k	4	36.4223	0.542734
1M	5	cuda_fused_fixed	soa,aos	64	1024	256	48k	1	129.996	1.9371
1M	5	cuda_fused_fixed	soa,aos	64	1024	256	48k	2	129.943	1.9363
1M	5	cuda_fused_fixed	soa,aos	64	1024	256	48k	3	130.039	1.93773
1M	5	cuda_fused_fixed	soa,aos	64	1024	256	48k	4	130.325	1.94199
1M	5	cuda_fused_fixed	soa,aos	64	4096	256	48k	1	511.446	7.62114
1M	5	cuda_fused_fixed	soa,aos	64	4096	256	48k	2	508.894	7.58312
1M	5	cuda_fused_fixed	soa,aos	64	4096	256	48k	3	509.717	7.59538
1M	5	cuda_fused_fixed	soa,aos	64	4096	256	48k	4	510.32	7.60437
512k	5	cuda_fused_fixed	soa,aos	128	16	256	48k	1	12.3488	0.184012
512k	5	cuda_fused_fixed	soa,aos	128	16	256	48k	2	26.1702	0.389967
512k	5	cuda_fused_fixed	soa,aos	128	16	256	48k	3	11.5401	0.171961
512k	5	cuda_fused_fixed	soa,aos	128	16	256	48k	4	12.7495	0.189982
512k	5	cuda_fused_fixed	soa,aos	128	64	256	48k	1	14.1889	0.211431
512k	5	cuda_fused_fixed	soa,aos	128	64	256	48k	2	13.2329	0.197185
512k	5	cuda_fused_fixed	soa,aos	128	64	256	48k	3	12.8102	0.190886
512k	5	cuda_fused_fixed	soa,aos	128	64	256	48k	4	13.0701	0.194759
512k	5	cuda_fused_fixed	soa,aos	128	256	256	48k	1	35.8514	0.534227
512k	5	cuda_fused_fixed	soa,aos	128	256	256	48k	2	38.5087	0.573824
512k	5	cuda_fused_fixed	soa,aos	128	256	256	48k	3	35.8459	0.534145
512k	5	cuda_fused_fixed	soa,aos	128	256	256	48k	4	36.0952	0.53786
512k	5	cuda_fused_fixed	soa,aos	128	1024	256	48k	1	127.896	1.90579
512k	5	cuda_fused_fixed	soa,aos	128	1024	256	48k	2	129.774	1.93378
512k	5	cuda_fused_fixed	soa,aos	128	1024	256	48k	3	128.436	1.91385
512k	5	cuda_fused_fixed	soa,aos	128	1024	256	48k	4	128.04	1.90795
512k	5	cuda_fused_fixed	soa,aos	128	4096	256	48k	1	500.34	7.45565
512k	5	cuda_fused_fixed	soa,aos	128	4096	256	48k	2	503.227	7.49867
512k	5	cuda_fused_fixed	soa,aos	128	4096	256	48k	3	501.253	7.46925
512k	5	cuda_fused_fixed	soa,aos	128	4096	256	48k	4	502.814	7.49251
512k	5	cuda_fused_fixed	soa	4	16	256	48k	1	0.454978	0.21695
512k	5	cuda_fused_fixed	soa	4	16	256	48k	2	0.460259	0.219468
512k	5	cuda_fused_fixed	soa	4	16	256	48k	3	0.454463	0.216705
512k	5	cuda_fused_fixed	soa	4	16	256	48k	4	0.446668	0.212988
512k	5	cuda_fused_fixed	soa	4	64	256	48k	1	0.683	0.32568
512k	5	cuda_fused_fixed	soa	4	64	256	48k	2	0.669149	0.319075
512k	5	cuda_fused_fixed	soa	4	64	256	48k	3	0.680111	0.324302
512k	5	cuda_fused_fixed	soa	4	64	256	48k	4	0.677168	0.322899
512k	5	cuda_fused_fixed	soa	4	256	256	48k	1	1.72269	0.821444
512k	5	cuda_fused_fixed	soa	4	256	256	48k	2	1.72009	0.820203
512k	5	cuda_fused_fixed	soa	4	256	256	48k	3	1.71989	0.820109
512k	5	cuda_fused_fixed	soa	4	256	256	48k	4	1.71797	0.819192
512k	5	cuda_fused_fixed	soa	4	1024	256	48k	1	6.35865	3.03204
512k	5	cuda_fused_fixed	soa	4	1024	256	48k	2	6.35903	3.03222
512k	5	cuda_fused_fixed	soa	4	1024	256	48k	3	6.37076	3.03782
512k	5	cuda_fused_fixed	soa	4	1024	256	48k	4	6.35309	3.02939
512k	5	cuda_fused_fixed	soa	4	4096	256	48k	1	25.1367	11.9861
512k	5	cuda_fused_fixed	soa	4	4096	256	48k	2	25.0661	11.9525
512k	5	cuda_fused_fixed	soa	4	4096	256	48k	3	25.1437	11.9895
512k	5	cuda_fused_fixed	soa	4	4096	256	48k	4	25.0975	11.9674
512k	5	cuda_fused_fixed	soa	8	16	256	48k	1	0.619439	0.147686
512k	5	cuda_fused_fixed	soa	8	16	256	48k	2	0.656192	0.156448
512k	5	cuda_fused_fixed	soa	8	16	256	48k	3	0.643602	0.153447
512k	5	cuda_fused_fixed	soa	8	16	256	48k	4	0.695945	0.165926
512k	5	cuda_fused_fixed	soa	8	64	256	48k	1	1.02784	0.245056
512k	5	cuda_fused_fixed	soa	8	64	256	48k	2	1.02358	0.244041
512k	5	cuda_fused_fixed	soa	8	64	256	48k	3	1.01754	0.242602
512k	5	cuda_fused_fixed	soa	8	64	256	48k	4	1.02496	0.24437
512k	5	cuda_fused_fixed	soa	8	256	256	48k	1	2.77927	0.662628
512k	5	cuda_fused_fixed	soa	8	256	256	48k	2	2.77809	0.662349
512k	5	cuda_fused_fixed	soa	8	256	256	48k	3	2.77803	0.662335
512k	5	cuda_fused_fixed	soa	8	256	256	48k	4	2.77546	0.661721
512k	5	cuda_fused_fixed	soa	8	1024	256	48k	1	10.2548	2.44494
512k	5	cuda_fused_fixed	soa	8	1024	256	48k	2	10.2532	2.44455
512k	5	cuda_fused_fixed	soa	8	1024	256	48k	3	10.2451	2.44261
512k	5	cuda_fused_fixed	soa	8	1024	256	48k	4	10.2534	2.4446
512k	5	cuda_fused_fixed	soa	8	4096	256	48k	1	37.4593	8.93099
512k	5	cuda_fused_fixed	soa	8	4096	256	48k	2	37.5028	8.94136
512k	5	cuda_fused_fixed	soa	8	4096	256	48k	3	37.2475	8.88049
512k	5	cuda_fused_fixed	soa	8	4096	256	48k	4	37.3453	8.90381
512k	5	cuda_fused_fixed	soa	16	16	256	48k	1	1.05199	0.125407
512k	5	cuda_fused_fixed	soa	16	16	256	48k	2	1.05369	0.125609
512k	5	cuda_fused_fixed	soa	16	16	256	48k	3	1.18325	0.141054
512k	5	cuda_fused_fixed	soa	16	16	256	48k	4	1.03834	0.12378
512k	5	cuda_fused_fixed	soa	16	64	256	48k	1	1.59884	0.190597
512k	5	cuda_fused_fixed	soa	16	64	256	48k	2	1.5948	0.190115
512k	5	cuda_fused_fixed	soa	16	64	256	48k	3	1.62665	0.193911
512k	5	cuda_fused_fixed	soa	16	64	256	48k	4	1.59699	0.190376
512k	5	cuda_fused_fixed	soa	16	256	256	48k	1	4.73504	0.564461
512k	5	cuda_fused_fixed	soa	16	256	256	48k	2	4.73511	0.564469
512k	5	cuda_fused_fixed	soa	16	256	256	48k	3	4.73277	0.56419
512k	5	cuda_fused_fixed	soa	16	256	256	48k	4	4.71931	0.562586
512k	5	cuda_fused_fixed	soa	16	1024	256	48k	1	16.6441	1.98414
512k	5	cuda_fused_fixed	soa	16	1024	256	48k	2	16.5096	1.9681
512k	5	cuda_fused_fixed	soa	16	1024	256	48k	3	16.6468	1.98445
512k	5	cuda_fused_fixed	soa	16	1024	256	48k	4	16.6449	1.98423
512k	5	cuda_fused_fixed	soa	16	4096	256	48k	1	65.205	7.77304
512k	5	cuda_fused_fixed	soa	16	4096	256	48k	2	65.2459	7.77792
512k	5	cuda_fused_fixed	soa	16	4096	256	48k	3	65.4882	7.8068
512k	5	cuda_fused_fixed	soa	16	4096	256	48k	4	65.4417	7.80125
512k	5	cuda_fused_fixed	soa	32	16	256	48k	1	1.90769	0.113707
512k	5	cuda_fused_fixed	soa	32	16	256	48k	2	2.00093	0.119264
512k	5	cuda_fused_fixed	soa	32	16	256	48k	3	1.92353	0.114651
512k	5	cuda_fused_fixed	soa	32	16	256	48k	4	1.88859	0.112569
512k	5	cuda_fused_fixed	soa	32	64	256	48k	1	3.40033	0.202675
512k	5	cuda_fused_fixed	soa	32	64	256	48k	2	3.39409	0.202304
512k	5	cuda_fused_fixed	soa	32	64	256	48k	3	3.37998	0.201463
512k	5	cuda_fused_fixed	soa	32	64	256	48k	4	3.39823	0.20255
512k	5	cuda_fused_fixed	soa	32	256	256	48k	1	9.74305	0.580731
512k	5	cuda_fused_fixed	soa	32	256	256	48k	2	9.00872	0.536961
512k	5	cuda_fused_fixed	soa	32	256	256	48k	3	8.95582	0.533808
512k	5	cuda_fused_fixed	soa	32	256	256	48k	4	9.05353	0.539632
512k	5	cuda_fused_fixed	soa	32	1024	256	48k	1	32.5514	1.94022
512k	5	cuda_fused_fixed	soa	32	1024	256	48k	2	32.4223	1.93252
512k	5	cuda_fused_fixed	soa	32	1024	256	48k	3	32.5529	1.9403
512k	5	cuda_fused_fixed	soa	32	1024	256	48k	4	32.4901	1.93656
512k	5	cuda_fused_fixed	soa	32	4096	256	48k	1	127.863	7.62125
512k	5	cuda_fused_fixed	soa	32	4096	256	48k	2	127.278	7.58639
512k	5	cuda_fused_fixed	soa	32	4096	256	48k	3	128.098	7.63524
512k	5	cuda_fused_fixed	soa	32	4096	256	48k	4	127.582	7.60451
1M	5	cuda_fused_fixed	soa	64	16	256	48k	1	7.31151	0.10895
1M	5	cuda_fused_fixed	soa	64	16	256	48k	2	7.94045	0.118322
1M	5	cuda_fused_fixed	soa	64	16	256	48k	3	7.88437	0.117486
1M	5	cuda_fused_fixed	soa	64	16	256	48k	4	7.23511	0.107811
1M	5	cuda_fused_fixed	soa	64	64	256	48k	1	12.2017	0.181819
1M	5	cuda_fused_fixed	soa	64	64	256	48k	2	12.1965	0.181743
1M	5	cuda_fused_fixed	soa	64	64	256	48k	3	12.1447	0.18097
1M	5	cuda_fused_fixed	soa	64	64	256	48k	4	11.9819	0.178544
1M	5	cuda_fused_fixed	soa	64	256	256	48k	1	38.6596	0.576073
1M	5	cuda_fused_fixed	soa	64	256	256	48k	2	36.4824	0.54363
1M	5	cuda_fused_fixed	soa	64	256	256	48k	3	36.2234	0.53977
1M	5	cuda_fused_fixed	soa	64	256	256	48k	4	36.6016	0.545406
1M	5	cuda_fused_fixed	soa	64	1024	256	48k	1	129.226	1.92561
1M	5	cuda_fused_fixed	soa	64	1024	256	48k	2	129.456	1.92905
1M	5	cuda_fused_fixed	soa	64	1024	256	48k	3	129.295	1.92665
1M	5	cuda_fused_fixed	soa	64	1024	256	48k	4	131.232	1.95551
1M	5	cuda_fused_fixed	soa	64	4096	256	48k	1	508.828	7.58212
1M	5	cuda_fused_fixed	soa	64	4096	256	48k	2	508.059	7.57066
1M	5	cuda_fused_fixed	soa	64	4096	256	48k	3	509.616	7.59387
1M	5	cuda_fused_fixed	soa	64	4096	256	48k	4	509.602	7.59366
512k	5	cuda_fused_fixed	soa	128	16	256	48k	1	8.65079	0.128907
512k	5	cuda_fused_fixed	soa	128	16	256	48k	2	10.0673	0.150014
512k	5	cuda_fused_fixed	soa	128	16	256	48k	3	7.97366	0.118817
512k	5	cuda_fused_fixed	soa	128	16	256	48k	4	8.2584	0.12306
512k	5	cuda_fused_fixed	soa	128	64	256	48k	1	12.9394	0.192812
512k	5	cuda_fused_fixed	soa	128	64	256	48k	2	13.9288	0.207556
512k	5	cuda_fused_fixed	soa	128	64	256	48k	3	12.9554	0.19305
512k	5	cuda_fused_fixed	soa	128	64	256	48k	4	12.9506	0.192978
512k	5	cuda_fused_fixed	soa	128	256	256	48k	1	36.3791	0.54209
512k	5	cuda_fused_fixed	soa	128	256	256	48k	2	35.9466	0.535646
512k	5	cuda_fused_fixed	soa	128	256	256	48k	3	38.7661	0.577661
512k	5	cuda_fused_fixed	soa	128	256	256	48k	4	36.1357	0.538464
512k	5	cuda_fused_fixed	soa	128	1024	256	48k	1	127.065	1.89342
512k	5	cuda_fused_fixed	soa	128	1024	256	48k	2	127.084	1.89371
512k	5	cuda_fused_fixed	soa	128	1024	256	48k	3	128.746	1.91846
512k	5	cuda_fused_fixed	soa	128	1024	256	48k	4	127.239	1.89602
512k	5	cuda_fused_fixed	soa	128	4096	256	48k	1	498.871	7.43376
512k	5	cuda_fused_fixed	soa	128	4096	256	48k	2	500.35	7.4558
512k	5	cuda_fused_fixed	soa	128	4096	256	48k	3	500.119	7.45235
512k	5	cuda_fused_fixed	soa	128	4096	256	48k	4	495.188	7.37888
2M	5	cuda_fused_regs	aos	4	16	256	48k	1	1.90268	0.226818
2M	5	cuda_fused_regs	aos	4	16	256	48k	2	2.01223	0.239877
2M	5	cuda_fused_regs	aos	4	16	256	48k	3	1.8829	0.224459
2M	5	cuda_fused_regs	aos	4	16	256	48k	4	2.06241	0.245858
2M	5	cuda_fused_regs	aos	4	64	256	48k	1	2.7053	0.322497
2M	5	cuda_fused_regs	aos	4	64	256	48k	2	2.67314	0.318663
2M	5	cuda_fused_regs	aos	4	64	256	48k	3	2.74997	0.327822
2M	5	cuda_fused_regs	aos	4	64	256	48k	4	2.72004	0.324254
2M	5	cuda_fused_regs	aos	4	256	256	48k	1	7.61699	0.908016
2M	5	cuda_fused_regs	aos	4	256	256	48k	2	7.63455	0.910109
2M	5	cuda_fused_regs	aos	4	256	256	48k	3	7.61362	0.907615
2M	5	cuda_fused_regs	aos	4	256	256	48k	4	7.61546	0.907833
2M	5	cuda_fused_regs	aos	4	1024	256	48k	1	26.4199	3.1495
2M	5	cuda_fused_regs	aos	4	1024	256	48k	2	26.4247	3.15007
2M	5	cuda_fused_regs	aos	4	1024	256	48k	3	26.4115	3.1485
2M	5	cuda_fused_regs	aos	4	1024	256	48k	4	26.4106	3.14839
2M	5	cuda_fused_regs	aos	4	4096	256	48k	1	103.758	12.3689
2M	5	cuda_fused_regs	aos	4	4096	256	48k	2	104.247	12.4272
2M	5	cuda_fused_regs	aos	4	4096	256	48k	3	104.476	12.4545
2M	5	cuda_fused_regs	aos	4	4096	256	48k	4	104.847	12.4987
2M	5	cuda_fused_regs	aos	8	16	256	48k	1	3.10134	0.184854
2M	5	cuda_fused_regs	aos	8	16	256	48k	2	2.90321	0.173045
2M	5	cuda_fused_regs	aos	8	16	256	48k	3	3.03328	0.180798
2M	5	cuda_fused_regs	aos	8	16	256	48k	4	3.05746	0.182239
2M	5	cuda_fused_regs	aos	8	64	256	48k	1	3.68073	0.219388
2M	5	cuda_fused_regs	aos	8	64	256	48k	2	3.86886	0.230602
2M	5	cuda_fused_regs	aos	8	64	256	48k	3	3.82007	0.227694
2M	5	cuda_fused_regs	aos	8	64	256	48k	4	3.44127	0.205116
2M	5	cuda_fused_regs	aos	8	256	256	48k	1	9.44047	0.562696
2M	5	cuda_fused_regs	aos	8	256	256	48k	2	8.96386	0.534288
2M	5	cuda_fused_regs	aos	8	256	256	48k	3	8.96162	0.534154
2M	5	cuda_fused_regs	aos	8	256	256	48k	4	8.97344	0.534859
2M	5	cuda_fused_regs	aos	8	1024	256	48k	1	32.8505	1.95804
2M	5	cuda_fused_regs	aos	8	1024	256	48k	2	33.0315	1.96883
2M	5	cuda_fused_regs	aos	8	1024	256	48k	3	33.1393	1.97526
2M	5	cuda_fused_regs	aos	8	1024	256	48k	4	33.0343	1.969
2M	5	cuda_fused_regs	aos	8	4096	256	48k	1	130.929	7.80398
2M	5	cuda_fused_regs	aos	8	4096	256	48k	2	130.874	7.80067
2M	5	cuda_fused_regs	aos	8	4096	256	48k	3	130.984	7.80728
2M	5	cuda_fused_regs	aos	8	4096	256	48k	4	130.978	7.80687
2M	5	cuda_fused_regs	aos	16	16	256	48k	1	5.14157	0.153231
2M	5	cuda_fused_regs	aos	16	16	256	48k	2	6.18826	0.184424
2M	5	cuda_fused_regs	aos	16	16	256	48k	3	6.04658	0.180202
2M	5	cuda_fused_regs	aos	16	16	256	48k	4	4.55882	0.135863
2M	5	cuda_fused_regs	aos	16	64	256	48k	1	6.205	0.184923
2M	5	cuda_fused_regs	aos	16	64	256	48k	2	6.58542	0.196261
2M	5	cuda_fused_regs	aos	16	64	256	48k	3	6.36331	0.189641
2M	5	cuda_fused_regs	aos	16	64	256	48k	4	5.92333	0.176529
2M	5	cuda_fused_regs	aos	16	256	256	48k	1	13.433	0.400333
2M	5	cuda_fused_regs	aos	16	256	256	48k	2	13.4404	0.400555
2M	5	cuda_fused_regs	aos	16	256	256	48k	3	13.4203	0.399955
2M	5	cuda_fused_regs	aos	16	256	256	48k	4	13.4264	0.400139
2M	5	cuda_fused_regs	aos	16	1024	256	48k	1	51.8455	1.54511
2M	5	cuda_fused_regs	aos	16	1024	256	48k	2	51.7412	1.54201
2M	5	cuda_fused_regs	aos	16	1024	256	48k	3	51.966	1.54871
2M	5	cuda_fused_regs	aos	16	1024	256	48k	4	52.0113	1.55006
2M	5	cuda_fused_regs	aos	16	4096	256	48k	1	201.862	6.01596
2M	5	cuda_fused_regs	aos	16	4096	256	48k	2	201.612	6.0085
2M	5	cuda_fused_regs	aos	16	4096	256	48k	3	201.993	6.01987
2M	5	cuda_fused_regs	aos	16	4096	256	48k	4	201.609	6.00843
2M	5	cuda_fused_regs	aos	32	16	256	48k	1	10.2266	0.152388
2M	5	cuda_fused_regs	aos	32	16	256	48k	2	10.5355	0.156991
2M	5	cuda_fused_regs	aos	32	16	256	48k	3	11.14	0.165999
2M	5	cuda_fused_regs	aos	32	16	256	48k	4	9.80662	0.14613
2M	5	cuda_fused_regs	aos	32	64	256	48k	1	14.8454	0.221213
2M	5	cuda_fused_regs	aos	32	64	256	48k	2	12.571	0.187322
2M	5	cuda_fused_regs	aos	32	64	256	48k	3	13.8418	0.206259
2M	5	cuda_fused_regs	aos	32	64	256	48k	4	16.2092	0.241536
2M	5	cuda_fused_regs	aos	32	256	256	48k	1	29.6782	0.442239
2M	5	cuda_fused_regs	aos	32	256	256	48k	2	29.6764	0.442212
2M	5	cuda_fused_regs	aos	32	256	256	48k	3	29.9291	0.445979
2M	5	cuda_fused_regs	aos	32	256	256	48k	4	29.6578	0.441936
2M	5	cuda_fused_regs	aos	32	1024	256	48k	1	103.353	1.54008
2M	5	cuda_fused_regs	aos	32	1024	256	48k	2	104.154	1.55201
2M	5	cuda_fused_regs	aos	32	1024	256	48k	3	104.078	1.55088
2M	5	cuda_fused_regs	aos	32	1024	256	48k	4	106.318	1.58426
2M	5	cuda_fused_regs	aos	32	4096	256	48k	1	398.549	5.93884
2M	5	cuda_fused_regs	aos	32	4096	256	48k	2	398.63	5.94005
2M	5	cuda_fused_regs	aos	32	4096	256	48k	3	398.554	5.93892
2M	5	cuda_fused_regs	aos	32	4096	256	48k	4	398.641	5.94022
512k	5	cuda_fused_regs	aos,soa	4	16	256	48k	1	0.475978	0.226964
512k	5	cuda_fused_regs	aos,soa	4	16	256	48k	2	0.479948	0.228857
512k	5	cuda_fused_regs	aos,soa	4	16	256	48k	3	0.473826	0.225938
512k	5	cuda_fused_regs	aos,soa	4	16	256	48k	4	0.469079	0.223674
512k	5	cuda_fused_regs	aos,soa	4	64	256	48k	1	0.694657	0.331238
512k	5	cuda_fused_regs	aos,soa	4	64	256	48k	2	0.690112	0.329071
512k	5	cuda_fused_regs	aos,soa	4	64	256	48k	3	0.692811	0.330358
512k	5	cuda_fused_regs	aos,soa	4	64	256	48k	4	0.693268	0.330576
512k	5	cuda_fused_regs	aos,soa	4	256	256	48k	1	1.94155	0.925803
512k	5	cuda_fused_regs	aos,soa	4	256	256	48k	2	1.94165	0.925853
512k	5	cuda_fused_regs	aos,soa	4	256	256	48k	3	1.94048	0.925294
512k	5	cuda_fused_regs	aos,soa	4	256	256	48k	4	1.94255	0.926282
512k	5	cuda_fused_regs	aos,soa	4	1024	256	48k	1	7.19375	3.43025
512k	5	cuda_fused_regs	aos,soa	4	1024	256	48k	2	7.18763	3.42733
512k	5	cuda_fused_regs	aos,soa	4	1024	256	48k	3	7.18891	3.42794
512k	5	cuda_fused_regs	aos,soa	4	1024	256	48k	4	7.21045	3.43821
512k	5	cuda_fused_regs	aos,soa	4	4096	256	48k	1	25.9449	12.3715
512k	5	cuda_fused_regs	aos,soa	4	4096	256	48k	2	25.9599	12.3786
512k	5	cuda_fused_regs	aos,soa	4	4096	256	48k	3	25.9785	12.3875
512k	5	cuda_fused_regs	aos,soa	4	4096	256	48k	4	26.0483	12.4208
512k	5	cuda_fused_regs	aos,soa	8	16	256	48k	1	0.583065	0.139013
512k	5	cuda_fused_regs	aos,soa	8	16	256	48k	2	0.610251	0.145495
512k	5	cuda_fused_regs	aos,soa	8	16	256	48k	3	0.601257	0.143351
512k	5	cuda_fused_regs	aos,soa	8	16	256	48k	4	0.606322	0.144558
512k	5	cuda_fused_regs	aos,soa	8	64	256	48k	1	0.803689	0.191614
512k	5	cuda_fused_regs	aos,soa	8	64	256	48k	2	0.797472	0.190132
512k	5	cuda_fused_regs	aos,soa	8	64	256	48k	3	0.798568	0.190393
512k	5	cuda_fused_regs	aos,soa	8	64	256	48k	4	0.798389	0.190351
512k	5	cuda_fused_regs	aos,soa	8	256	256	48k	1	2.2136	0.527764
512k	5	cuda_fused_regs	aos,soa	8	256	256	48k	2	2.21602	0.528341
512k	5	cuda_fused_regs	aos,soa	8	256	256	48k	3	2.21544	0.528203
512k	5	cuda_fused_regs	aos,soa	8	256	256	48k	4	2.21548	0.528212
512k	5	cuda_fused_regs	aos,soa	8	1024	256	48k	1	8.28649	1.97565
512k	5	cuda_fused_regs	aos,soa	8	1024	256	48k	2	8.29584	1.97788
512k	5	cuda_fused_regs	aos,soa	8	1024	256	48k	3	8.29328	1.97727
512k	5	cuda_fused_regs	aos,soa	8	1024	256	48k	4	8.30256	1.97949
512k	5	cuda_fused_regs	aos,soa	8	4096	256	48k	1	33.0184	7.87221
512k	5	cuda_fused_regs	aos,soa	8	4096	256	48k	2	32.7889	7.81749
512k	5	cuda_fused_regs	aos,soa	8	4096	256	48k	3	32.8505	7.83218
512k	5	cuda_fused_regs	aos,soa	8	4096	256	48k	4	32.6017	7.77285
512k	5	cuda_fused_regs	aos,soa	16	16	256	48k	1	1.00488	0.119791
512k	5	cuda_fused_regs	aos,soa	16	16	256	48k	2	1.00916	0.120301
512k	5	cuda_fused_regs	aos,soa	16	16	256	48k	3	1.11689	0.133144
512k	5	cuda_fused_regs	aos,soa	16	16	256	48k	4	0.99287	0.118359
512k	5	cuda_fused_regs	aos,soa	16	64	256	48k	1	1.2798	0.152564
512k	5	cuda_fused_regs	aos,soa	16	64	256	48k	2	1.27068	0.151477
512k	5	cuda_fused_regs	aos,soa	16	64	256	48k	3	1.27439	0.151919
512k	5	cuda_fused_regs	aos,soa	16	64	256	48k	4	1.29027	0.153812
512k	5	cuda_fused_regs	aos,soa	16	256	256	48k	1	3.43559	0.409554
512k	5	cuda_fused_regs	aos,soa	16	256	256	48k	2	3.43216	0.409145
512k	5	cuda_fused_regs	aos,soa	16	256	256	48k	3	3.43477	0.409456
512k	5	cuda_fused_regs	aos,soa	16	256	256	48k	4	3.43908	0.40997
512k	5	cuda_fused_regs	aos,soa	16	1024	256	48k	1	12.9712	1.54628
512k	5	cuda_fused_regs	aos,soa	16	1024	256	48k	2	12.977	1.54698
512k	5	cuda_fused_regs	aos,soa	16	1024	256	48k	3	12.9814	1.5475
512k	5	cuda_fused_regs	aos,soa	16	1024	256	48k	4	12.98	1.54734
512k	5	cuda_fused_regs	aos,soa	16	4096	256	48k	1	50.6206	6.03444
512k	5	cuda_fused_regs	aos,soa	16	4096	256	48k	2	50.5481	6.02581
512k	5	cuda_fused_regs	aos,soa	16	4096	256	48k	3	50.4445	6.01346
512k	5	cuda_fused_regs	aos,soa	16	4096	256	48k	4	50.4599	6.01529
512k	5	cuda_fused_regs	aos,soa	32	16	256	48k	1	2.57125	0.153258
512k	5	cuda_fused_regs	aos,soa	32	16	256	48k	2	2.59924	0.154927
512k	5	cuda_fused_regs	aos,soa	32	16	256	48k	3	2.58441	0.154043
512k	5	cuda_fused_regs	aos,soa	32	16	256	48k	4	2.56205	0.15271
512k	5	cuda_fused_regs	aos,soa	32	64	256	48k	1	3.19863	0.190653
512k	5	cuda_fused_regs	aos,soa	32	64	256	48k	2	3.14759	0.187611
512k	5	cuda_fused_regs	aos,soa	32	64	256	48k	3	3.21265	0.191489
512k	5	cuda_fused_regs	aos,soa	32	64	256	48k	4	3.20462	0.19101
512k	5	cuda_fused_regs	aos,soa	32	256	256	48k	1	8.41032	0.501294
512k	5	cuda_fused_regs	aos,soa	32	256	256	48k	2	8.42387	0.502102
512k	5	cuda_fused_regs	aos,soa	32	256	256	48k	3	8.40565	0.501016
512k	5	cuda_fused_regs	aos,soa	32	256	256	48k	4	8.39763	0.500538
512k	5	cuda_fused_regs	aos,soa	32	1024	256	48k	1	25.7627	1.53558
512k	5	cuda_fused_regs	aos,soa	32	1024	256	48k	2	25.7937	1.53743
512k	5	cuda_fused_regs	aos,soa	32	1024	256	48k	3	25.7976	1.53766
512k	5	cuda_fused_regs	aos,soa	32	1024	256	48k	4	25.7736	1.53623
512k	5	cuda_fused_regs	aos,soa	32	4096	256	48k	1	99.7304	5.9444
512k	5	cuda_fused_regs	aos,soa	32	4096	256	48k	2	99.8817	5.95341
512k	5	cuda_fused_regs	aos,soa	32	4096	256	48k	3	100.22	5.97355
512k	5	cuda_fused_regs	aos,soa	32	4096	256	48k	4	100.055	5.96373
512k	5	cuda_fused_regs	soa,aos	4	16	256	48k	1	0.508383	0.242416
512k	5	cuda_fused_regs	soa,aos	4	16	256	48k	2	0.514396	0.245283
512k	5	cuda_fused_regs	soa,aos	4	16	256	48k	3	0.513126	0.244678
512k	5	cuda_fused_regs	soa,aos	4	16	256	48k	4	0.501759	0.239257
512k	5	cuda_fused_regs	soa,aos	4	64	256	48k	1	0.694387	0.33111
512k	5	cuda_fused_regs	soa,aos	4	64	256	48k	2	0.701636	0.334566
512k	5	cuda_fused_regs	soa,aos	4	64	256	48k	3	0.709581	0.338355
512k	5	cuda_fused_regs	soa,aos	4	64	256	48k	4	0.698413	0.333029
512k	5	cuda_fused_regs	soa,aos	4	256	256	48k	1	1.93739	0.923818
512k	5	cuda_fused_regs	soa,aos	4	256	256	48k	2	1.93539	0.922865
512k	5	cuda_fused_regs	soa,aos	4	256	256	48k	3	1.93284	0.921648
512k	5	cuda_fused_regs	soa,aos	4	256	256	48k	4	1.93678	0.923528
512k	5	cuda_fused_regs	soa,aos	4	1024	256	48k	1	7.17543	3.42151
512k	5	cuda_fused_regs	soa,aos	4	1024	256	48k	2	7.17521	3.42141
512k	5	cuda_fused_regs	soa,aos	4	1024	256	48k	3	7.17511	3.42136
512k	5	cuda_fused_regs	soa,aos	4	1024	256	48k	4	7.18349	3.42536
512k	5	cuda_fused_regs	soa,aos	4	4096	256	48k	1	25.9409	12.3696
512k	5	cuda_fused_regs	soa,aos	4	4096	256	48k	2	26.0733	12.4327
512k	5	cuda_fused_regs	soa,aos	4	4096	256	48k	3	25.9996	12.3976
512k	5	cuda_fused_regs	soa,aos	4	4096	256	48k	4	26.0058	12.4005
512k	5	cuda_fused_regs	soa,aos	8	16	256	48k	1	0.680751	0.162304
512k	5	cuda_fused_regs	soa,aos	8	16	256	48k	2	0.724429	0.172717
512k	5	cuda_fused_regs	soa,aos	8	16	256	48k	3	0.708668	0.16896
512k	5	cuda_fused_regs	soa,aos	8	16	256	48k	4	0.718529	0.171311
512k	5	cuda_fused_regs	soa,aos	8	64	256	48k	1	0.886773	0.211423
512k	5	cuda_fused_regs	soa,aos	8	64	256	48k	2	0.879399	0.209665
512k	5	cuda_fused_regs	soa,aos	8	64	256	48k	3	0.891008	0.212433
512k	5	cuda_fused_regs	soa,aos	8	64	256	48k	4	0.802765	0.191394
512k	5	cuda_fused_regs	soa,aos	8	256	256	48k	1	2.20044	0.524626
512k	5	cuda_fused_regs	soa,aos	8	256	256	48k	2	2.20088	0.524731
512k	5	cuda_fused_regs	soa,aos	8	256	256	48k	3	2.20039	0.524614
512k	5	cuda_fused_regs	soa,aos	8	256	256	48k	4	2.20161	0.524904
512k	5	cuda_fused_regs	soa,aos	8	1024	256	48k	1	8.27459	1.97282
512k	5	cuda_fused_regs	soa,aos	8	1024	256	48k	2	8.2796	1.97401
512k	5	cuda_fused_regs	soa,aos	8	1024	256	48k	3	8.28336	1.97491
512k	5	cuda_fused_regs	soa,aos	8	1024	256	48k	4	8.27457	1.97281
512k	5	cuda_fused_regs	soa,aos	8	4096	256	48k	1	32.5858	7.76905
512k	5	cuda_fused_regs	soa,aos	8	4096	256	48k	2	32.7426	7.80643
512k	5	cuda_fused_regs	soa,aos	8	4096	256	48k	3	32.9459	7.85492
512k	5	cuda_fused_regs	soa,aos	8	4096	256	48k	4	32.7393	7.80565
512k	5	cuda_fused_regs	soa,aos	16	16	256	48k	1	1.27341	0.151802
512k	5	cuda_fused_regs	soa,aos	16	16	256	48k	2	1.33888	0.159607
512k	5	cuda_fused_regs	soa,aos	16	16	256	48k	3	1.41403	0.168565
512k	5	cuda_fused_regs	soa,aos	16	16	256	48k	4	1.13511	0.135316
512k	5	cuda_fused_regs	soa,aos	16	64	256	48k	1	1.45512	0.173464
512k	5	cuda_fused_regs	soa,aos	16	64	256	48k	2	1.76845	0.210816
512k	5	cuda_fused_regs	soa,aos	16	64	256	48k	3	1.48967	0.177583
512k	5	cuda_fused_regs	soa,aos	16	64	256	48k	4	1.36567	0.162801
512k	5	cuda_fused_regs	soa,aos	16	256	256	48k	1	3.41603	0.407222
512k	5	cuda_fused_regs	soa,aos	16	256	256	48k	2	3.40976	0.406475
512k	5	cuda_fused_regs	soa,aos	16	256	256	48k	3	3.41863	0.407532
512k	5	cuda_fused_regs	soa,aos	16	256	256	48k	4	3.41322	0.406887
512k	5	cuda_fused_regs	soa,aos	16	1024	256	48k	1	12.8746	1.53477
512k	5	cuda_fused_regs	soa,aos	16	1024	256	48k	2	12.8781	1.53519
512k	5	cuda_fused_regs	soa,aos	16	1024	256	48k	3	12.9386	1.5424
512k	5	cuda_fused_regs	soa,aos	16	1024	256	48k	4	12.8663	1.53378
512k	5	cuda_fused_regs	soa,aos	16	4096	256	48k	1	50.6037	6.03244
512k	5	cuda_fused_regs	soa,aos	16	4096	256	48k	2	50.5153	6.02189
512k	5	cuda_fused_regs	soa,aos	16	4096	256	48k	3	50.4235	6.01094
512k	5	cuda_fused_regs	soa,aos	16	4096	256	48k	4	50.4822	6.01795
512k	5	cuda_fused_regs	soa,aos	32	16	256	48k	1	2.63051	0.15679
512k	5	cuda_fused_regs	soa,aos	32	16	256	48k	2	3.25481	0.194002
512k	5	cuda_fused_regs	soa,aos	32	16	256	48k	3	2.61658	0.15596
512k	5	cuda_fused_regs	soa,aos	32	16	256	48k	4	2.32882	0.138809
512k	5	cuda_fused_regs	soa,aos	32	64	256	48k	1	2.9553	0.176149
512k	5	cuda_fused_regs	soa,aos	32	64	256	48k	2	3.68378	0.21957
512k	5	cuda_fused_regs	soa,aos	32	64	256	48k	3	3.07219	0.183117
512k	5	cuda_fused_regs	soa,aos	32	64	256	48k	4	3.17679	0.189351
512k	5	cuda_fused_regs	soa,aos	32	256	256	48k	1	7.25059	0.432169
512k	5	cuda_fused_regs	soa,aos	32	256	256	48k	2	7.26767	0.433187
512k	5	cuda_fused_regs	soa,aos	32	256	256	48k	3	7.28427	0.434176
512k	5	cuda_fused_regs	soa,aos	32	256	256	48k	4	7.26827	0.433223
512k	5	cuda_fused_regs	soa,aos	32	1024	256	48k	1	25.6739	1.53029
512k	5	cuda_fused_regs	soa,aos	32	1024	256	48k	2	25.5108	1.52056
512k	5	cuda_fused_regs	soa,aos	32	1024	256	48k	3	25.5236	1.52132
512k	5	cuda_fused_regs	soa,aos	32	1024	256	48k	4	25.547	1.52272
512k	5	cuda_fused_regs	soa,aos	32	4096	256	48k	1	100.062	5.96415
512k	5	cuda_fused_regs	soa,aos	32	4096	256	48k	2	99.9242	5.95595
512k	5	cuda_fused_regs	soa,aos	32	4096	256	48k	3	99.6825	5.94154
512k	5	cuda_fused_regs	soa,aos	32	4096	256	48k	4	100.106	5.9668
512k	5	cuda_fused_regs	soa	4	16	256	48k	1	0.472758	0.225429
512k	5	cuda_fused_regs	soa	4	16	256	48k	2	0.477013	0.227457
512k	5	cuda_fused_regs	soa	4	16	256	48k	3	0.471665	0.224907
512k	5	cuda_fused_regs	soa	4	16	256	48k	4	0.466524	0.222456
512k	5	cuda_fused_regs	soa	4	64	256	48k	1	0.68067	0.324569
512k	5	cuda_fused_regs	soa	4	64	256	48k	2	0.674875	0.321805
512k	5	cuda_fused_regs	soa	4	64	256	48k	3	0.679711	0.324111
512k	5	cuda_fused_regs	soa	4	64	256	48k	4	0.682675	0.325525
512k	5	cuda_fused_regs	soa	4	256	256	48k	1	1.92659	0.91867
512k	5	cuda_fused_regs	soa	4	256	256	48k	2	1.92707	0.918898
512k	5	cuda_fused_regs	soa	4	256	256	48k	3	1.927	0.918867
512k	5	cuda_fused_regs	soa	4	256	256	48k	4	1.9304	0.920489
512k	5	cuda_fused_regs	soa	4	1024	256	48k	1	7.16538	3.41672
512k	5	cuda_fused_regs	soa	4	1024	256	48k	2	7.16533	3.4167
512k	5	cuda_fused_regs	soa	4	1024	256	48k	3	7.16788	3.41791
512k	5	cuda_fused_regs	soa	4	1024	256	48k	4	7.18717	3.42711
512k	5	cuda_fused_regs	soa	4	4096	256	48k	1	25.9427	12.3704
512k	5	cuda_fused_regs	soa	4	4096	256	48k	2	25.9385	12.3685
512k	5	cuda_fused_regs	soa	4	4096	256	48k	3	25.9279	12.3634
512k	5	cuda_fused_regs	soa	4	4096	256	48k	4	25.9258	12.3624
512k	5	cuda_fused_regs	soa	8	16	256	48k	1	0.57894	0.13803
512k	5	cuda_fused_regs	soa	8	16	256	48k	2	0.606813	0.144675
512k	5	cuda_fused_regs	soa	8	16	256	48k	3	0.597727	0.142509
512k	5	cuda_fused_regs	soa	8	16	256	48k	4	0.602093	0.14355
512k	5	cuda_fused_regs	soa	8	64	256	48k	1	0.793793	0.189255
512k	5	cuda_fused_regs	soa	8	64	256	48k	2	0.790339	0.188432
512k	5	cuda_fused_regs	soa	8	64	256	48k	3	0.792554	0.18896
512k	5	cuda_fused_regs	soa	8	64	256	48k	4	0.794697	0.18947
512k	5	cuda_fused_regs	soa	8	256	256	48k	1	2.20915	0.526702
512k	5	cuda_fused_regs	soa	8	256	256	48k	2	2.20765	0.526344
512k	5	cuda_fused_regs	soa	8	256	256	48k	3	2.20896	0.526656
512k	5	cuda_fused_regs	soa	8	256	256	48k	4	2.20857	0.526565
512k	5	cuda_fused_regs	soa	8	1024	256	48k	1	8.28511	1.97532
512k	5	cuda_fused_regs	soa	8	1024	256	48k	2	8.289	1.97625
512k	5	cuda_fused_regs	soa	8	1024	256	48k	3	8.27912	1.9739
512k	5	cuda_fused_regs	soa	8	1024	256	48k	4	8.28579	1.97549
512k	5	cuda_fused_regs	soa	8	4096	256	48k	1	32.6247	7.77834
512k	5	cuda_fused_regs	soa	8	4096	256	48k	2	32.8147	7.82364
512k	5	cuda_fused_regs	soa	8	4096	256	48k	3	32.9882	7.86499
512k	5	cuda_fused_regs	soa	8	4096	256	48k	4	32.7689	7.81271
512k	5	cuda_fused_regs	soa	16	16	256	48k	1	1.00312	0.119581
512k	5	cuda_fused_regs	soa	16	16	256	48k	2	1.00784	0.120144
512k	5	cuda_fused_regs	soa	16	16	256	48k	3	1.11644	0.13309
512k	5	cuda_fused_regs	soa	16	16	256	48k	4	0.990707	0.118101
512k	5	cuda_fused_regs	soa	16	64	256	48k	1	1.28535	0.153226
512k	5	cuda_fused_regs	soa	16	64	256	48k	2	1.28698	0.15342
512k	5	cuda_fused_regs	soa	16	64	256	48k	3	1.29153	0.153962
512k	5	cuda_fused_regs	soa	16	64	256	48k	4	1.28179	0.152801
512k	5	cuda_fused_regs	soa	16	256	256	48k	1	3.46637	0.413223
512k	5	cuda_fused_regs	soa	16	256	256	48k	2	3.46977	0.413629
512k	5	cuda_fused_regs	soa	16	256	256	48k	3	3.45091	0.41138
512k	5	cuda_fused_regs	soa	16	256	256	48k	4	3.46054	0.412528
512k	5	cuda_fused_regs	soa	16	1024	256	48k	1	12.912	1.53922
512k	5	cuda_fused_regs	soa	16	1024	256	48k	2	12.8987	1.53765
512k	5	cuda_fused_regs	soa	16	1024	256	48k	3	12.9142	1.53949
512k	5	cuda_fused_regs	soa	16	1024	256	48k	4	12.9011	1.53793
512k	5	cuda_fused_regs	soa	16	4096	256	48k	1	50.4022	6.00841
512k	5	cuda_fused_regs	soa	16	4096	256	48k	2	50.4375	6.01262
512k	5	cuda_fused_regs	soa	16	4096	256	48k	3	50.3981	6.00793
512k	5	cuda_fused_regs	soa	16	4096	256	48k	4	50.3858	6.00646
512k	5	cuda_fused_regs	soa	32	16	256	48k	1	1.83492	0.10937
512k	5	cuda_fused_regs	soa	32	16	256	48k	2	1.91364	0.114062
512k	5	cuda_fused_regs	soa	32	16	256	48k	3	1.83987	0.109665
512k	5	cuda_fused_regs	soa	32	16	256	48k	4	1.81429	0.10814
512k	5	cuda_fused_regs	soa	32	64	256	48k	1	2.49877	0.148938
512k	5	cuda_fused_regs	soa	32	64	256	48k	2	2.51592	0.14996
512k	5	cuda_fused_regs	soa	32	64	256	48k	3	2.50579	0.149357
512k	5	cuda_fused_regs	soa	32	64	256	48k	4	2.54134	0.151476
512k	5	cuda_fused_regs	soa	32	256	256	48k	1	7.46166	0.44475
512k	5	cuda_fused_regs	soa	32	256	256	48k	2	7.48465	0.44612
512k	5	cuda_fused_regs	soa	32	256	256	48k	3	7.49589	0.44679
512k	5	cuda_fused_regs	soa	32	256	256	48k	4	7.4695	0.445217
512k	5	cuda_fused_regs	soa	32	1024	256	48k	1	25.4479	1.51681
512k	5	cuda_fused_regs	soa	32	1024	256	48k	2	25.6433	1.52846
512k	5	cuda_fused_regs	soa	32	1024	256	48k	3	25.6821	1.53077
512k	5	cuda_fused_regs	soa	32	1024	256	48k	4	25.4356	1.51608
512k	5	cuda_fused_regs	soa	32	4096	256	48k	1	99.677	5.94121
512k	5	cuda_fused_regs	soa	32	4096	256	48k	2	99.568	5.93471
512k	5	cuda_fused_regs	soa	32	4096	256	48k	3	99.4139	5.92553
512k	5	cuda_fused_regs	soa	32	4096	256	48k	4	99.2251	5.91427
1M	5	kmcuda	aos	32	4096	256	48k	1	5388.85	160.6
1M	5	kmcuda	aos	32	4096	256	48k	2	5390.73	160.656
1M	5	kmcuda	aos	32	4096	256	48k	3	5391.77	160.687
1M	5	kmcuda	aos	32	4096	256	48k	4	5393.47	160.738
1M	5	cuda_fused_regs	aos	64	16	256	48k	1	13.6019	0.202683
1M	5	cuda_fused_regs	aos	64	16	256	48k	2	12.3548	0.184101
1M	5	cuda_fused_regs	aos	64	16	256	48k	3	16.5134	0.246068
1M	5	cuda_fused_regs	aos	64	16	256	48k	4	12.1112	0.180471
1M	5	cuda_fused_regs	aos	64	64	256	48k	1	12.2105	0.18195
1M	5	cuda_fused_regs	aos	64	64	256	48k	2	13.6505	0.203408
1M	5	cuda_fused_regs	aos	64	64	256	48k	3	11.9557	0.178154
1M	5	cuda_fused_regs	aos	64	64	256	48k	4	12.0649	0.179781
1M	5	cuda_fused_regs	aos	64	256	256	48k	1	29.5781	0.440748
1M	5	cuda_fused_regs	aos	64	256	256	48k	2	28.4641	0.424148
1M	5	cuda_fused_regs	aos	64	256	256	48k	3	28.4539	0.423996
1M	5	cuda_fused_regs	aos	64	256	256	48k	4	28.4873	0.424493
1M	5	cuda_fused_regs	aos	64	1024	256	48k	1	98.3418	1.46541
1M	5	cuda_fused_regs	aos	64	1024	256	48k	2	98.0626	1.46125
1M	5	cuda_fused_regs	aos	64	1024	256	48k	3	98.3753	1.46591
1M	5	cuda_fused_regs	aos	64	1024	256	48k	4	98.4582	1.46714
1M	5	cuda_fused_regs	aos	64	4096	256	48k	1	379.18	5.65022
1M	5	cuda_fused_regs	aos	64	4096	256	48k	2	380.653	5.67217
1M	5	cuda_fused_regs	aos	64	4096	256	48k	3	380.352	5.66768
1M	5	cuda_fused_regs	aos	64	4096	256	48k	4	381.822	5.6896
512k	5	cuda_fused_regs	aos	128	16	256	48k	1	12.1654	0.181278
512k	5	cuda_fused_regs	aos	128	16	256	48k	2	24.0217	0.357952
512k	5	cuda_fused_regs	aos	128	16	256	48k	3	13.5167	0.201414
512k	5	cuda_fused_regs	aos	128	16	256	48k	4	13.7528	0.204933
512k	5	cuda_fused_regs	aos	128	64	256	48k	1	16.1949	0.241323
512k	5	cuda_fused_regs	aos	128	64	256	48k	2	16.3107	0.243048
512k	5	cuda_fused_regs	aos	128	64	256	48k	3	15.7066	0.234046
512k	5	cuda_fused_regs	aos	128	64	256	48k	4	15.8223	0.235771
512k	5	cuda_fused_regs	aos	128	256	256	48k	1	45.1784	0.673211
512k	5	cuda_fused_regs	aos	128	256	256	48k	2	45.1966	0.673482
512k	5	cuda_fused_regs	aos	128	256	256	48k	3	46.3515	0.690691
512k	5	cuda_fused_regs	aos	128	256	256	48k	4	45.1953	0.673462
512k	5	cuda_fused_regs	aos	128	1024	256	48k	1	165.647	2.46833
512k	5	cuda_fused_regs	aos	128	1024	256	48k	2	164.874	2.45682
512k	5	cuda_fused_regs	aos	128	1024	256	48k	3	164.99	2.45854
512k	5	cuda_fused_regs	aos	128	1024	256	48k	4	166.226	2.47696
512k	5	cuda_fused_regs	aos	128	4096	256	48k	1	707.46	10.542
512k	5	cuda_fused_regs	aos	128	4096	256	48k	2	712.227	10.613
512k	5	cuda_fused_regs	aos	128	4096	256	48k	3	711.775	10.6063
512k	5	cuda_fused_regs	aos	128	4096	256	48k	4	711.798	10.6066
1M	5	cuda_fused_regs	aos,soa	64	16	256	48k	1	9.12794	0.136017
1M	5	cuda_fused_regs	aos,soa	64	16	256	48k	2	8.88781	0.132439
1M	5	cuda_fused_regs	aos,soa	64	16	256	48k	3	10.263	0.15293
1M	5	cuda_fused_regs	aos,soa	64	16	256	48k	4	8.61536	0.128379
1M	5	cuda_fused_regs	aos,soa	64	64	256	48k	1	10.8896	0.162268
1M	5	cuda_fused_regs	aos,soa	64	64	256	48k	2	10.8193	0.16122
1M	5	cuda_fused_regs	aos,soa	64	64	256	48k	3	10.8483	0.161652
1M	5	cuda_fused_regs	aos,soa	64	64	256	48k	4	10.8021	0.160964
1M	5	cuda_fused_regs	aos,soa	64	256	256	48k	1	29.1875	0.434927
1M	5	cuda_fused_regs	aos,soa	64	256	256	48k	2	29.2953	0.436534
1M	5	cuda_fused_regs	aos,soa	64	256	256	48k	3	30.6915	0.457339
1M	5	cuda_fused_regs	aos,soa	64	256	256	48k	4	28.9717	0.431713
1M	5	cuda_fused_regs	aos,soa	64	1024	256	48k	1	99.6345	1.48467
1M	5	cuda_fused_regs	aos,soa	64	1024	256	48k	2	99.4976	1.48263
1M	5	cuda_fused_regs	aos,soa	64	1024	256	48k	3	99.674	1.48526
1M	5	cuda_fused_regs	aos,soa	64	1024	256	48k	4	99.6435	1.4848
1M	5	cuda_fused_regs	aos,soa	64	4096	256	48k	1	387.254	5.77053
1M	5	cuda_fused_regs	aos,soa	64	4096	256	48k	2	387.06	5.76764
1M	5	cuda_fused_regs	aos,soa	64	4096	256	48k	3	387.582	5.77542
1M	5	cuda_fused_regs	aos,soa	64	4096	256	48k	4	387.523	5.77455
512k	5	cuda_fused_regs	aos,soa	128	16	256	48k	1	9.40296	0.140115
512k	5	cuda_fused_regs	aos,soa	128	16	256	48k	2	10.237	0.152544
512k	5	cuda_fused_regs	aos,soa	128	16	256	48k	3	9.2781	0.138255
512k	5	cuda_fused_regs	aos,soa	128	16	256	48k	4	9.56713	0.142561
512k	5	cuda_fused_regs	aos,soa	128	64	256	48k	1	16.2603	0.242297
512k	5	cuda_fused_regs	aos,soa	128	64	256	48k	2	14.9069	0.22213
512k	5	cuda_fused_regs	aos,soa	128	64	256	48k	3	14.9222	0.222358
512k	5	cuda_fused_regs	aos,soa	128	64	256	48k	4	14.9012	0.222045
512k	5	cuda_fused_regs	aos,soa	128	256	256	48k	1	44.4767	0.662755
512k	5	cuda_fused_regs	aos,soa	128	256	256	48k	2	44.274	0.659733
512k	5	cuda_fused_regs	aos,soa	128	256	256	48k	3	44.2641	0.659587
512k	5	cuda_fused_regs	aos,soa	128	256	256	48k	4	44.3547	0.660937
512k	5	cuda_fused_regs	aos,soa	128	1024	256	48k	1	163.701	2.43934
512k	5	cuda_fused_regs	aos,soa	128	1024	256	48k	2	161.683	2.40926
512k	5	cuda_fused_regs	aos,soa	128	1024	256	48k	3	161.919	2.41279
512k	5	cuda_fused_regs	aos,soa	128	1024	256	48k	4	161.702	2.40955
512k	5	cuda_fused_regs	aos,soa	128	4096	256	48k	1	692.984	10.3263
512k	5	cuda_fused_regs	aos,soa	128	4096	256	48k	2	692.51	10.3192
512k	5	cuda_fused_regs	aos,soa	128	4096	256	48k	3	695.126	10.3582
512k	5	cuda_fused_regs	aos,soa	128	4096	256	48k	4	693.21	10.3296
1M	5	cuda_fused_regs	soa,aos	64	16	256	48k	1	12.1197	0.180597
1M	5	cuda_fused_regs	soa,aos	64	16	256	48k	2	12.0301	0.179262
1M	5	cuda_fused_regs	soa,aos	64	16	256	48k	3	16.2024	0.241434
1M	5	cuda_fused_regs	soa,aos	64	16	256	48k	4	11.6615	0.173769
1M	5	cuda_fused_regs	soa,aos	64	64	256	48k	1	13.015	0.193939
1M	5	cuda_fused_regs	soa,aos	64	64	256	48k	2	13.2315	0.197164
1M	5	cuda_fused_regs	soa,aos	64	64	256	48k	3	11.6468	0.173552
1M	5	cuda_fused_regs	soa,aos	64	64	256	48k	4	11.7665	0.175334
1M	5	cuda_fused_regs	soa,aos	64	256	256	48k	1	28.1619	0.419644
1M	5	cuda_fused_regs	soa,aos	64	256	256	48k	2	27.8614	0.415168
1M	5	cuda_fused_regs	soa,aos	64	256	256	48k	3	27.9443	0.416403
1M	5	cuda_fused_regs	soa,aos	64	256	256	48k	4	28.0613	0.418146
1M	5	cuda_fused_regs	soa,aos	64	1024	256	48k	1	98.376	1.46592
1M	5	cuda_fused_regs	soa,aos	64	1024	256	48k	2	98.4396	1.46686
1M	5	cuda_fused_regs	soa,aos	64	1024	256	48k	3	98.5709	1.46882
1M	5	cuda_fused_regs	soa,aos	64	1024	256	48k	4	98.5148	1.46799
1M	5	cuda_fused_regs	soa,aos	64	4096	256	48k	1	382.121	5.69405
1M	5	cuda_fused_regs	soa,aos	64	4096	256	48k	2	382.768	5.70369
1M	5	cuda_fused_regs	soa,aos	64	4096	256	48k	3	385.475	5.74403
1M	5	cuda_fused_regs	soa,aos	64	4096	256	48k	4	381.917	5.691
512k	5	cuda_fused_regs	soa,aos	128	16	256	48k	1	11.5594	0.172248
512k	5	cuda_fused_regs	soa,aos	128	16	256	48k	2	23.7358	0.353692
512k	5	cuda_fused_regs	soa,aos	128	16	256	48k	3	12.797	0.19069
512k	5	cuda_fused_regs	soa,aos	128	16	256	48k	4	12.9891	0.193553
512k	5	cuda_fused_regs	soa,aos	128	64	256	48k	1	15.3554	0.228814
512k	5	cuda_fused_regs	soa,aos	128	64	256	48k	2	15.3771	0.229136
512k	5	cuda_fused_regs	soa,aos	128	64	256	48k	3	15.3456	0.228667
512k	5	cuda_fused_regs	soa,aos	128	64	256	48k	4	16.6607	0.248264
512k	5	cuda_fused_regs	soa,aos	128	256	256	48k	1	45.1555	0.67287
512k	5	cuda_fused_regs	soa,aos	128	256	256	48k	2	44.9632	0.670004
512k	5	cuda_fused_regs	soa,aos	128	256	256	48k	3	45.3796	0.676208
512k	5	cuda_fused_regs	soa,aos	128	256	256	48k	4	46.2058	0.68852
512k	5	cuda_fused_regs	soa,aos	128	1024	256	48k	1	169.563	2.52668
512k	5	cuda_fused_regs	soa,aos	128	1024	256	48k	2	170.005	2.53327
512k	5	cuda_fused_regs	soa,aos	128	1024	256	48k	3	165.534	2.46664
512k	5	cuda_fused_regs	soa,aos	128	1024	256	48k	4	169.016	2.51853
512k	5	cuda_fused_regs	soa,aos	128	4096	256	48k	1	709.249	10.5686
512k	5	cuda_fused_regs	soa,aos	128	4096	256	48k	2	709.568	10.5734
512k	5	cuda_fused_regs	soa,aos	128	4096	256	48k	3	709.945	10.579
512k	5	cuda_fused_regs	soa,aos	128	4096	256	48k	4	709.184	10.5677
1M	5	cuda_fused_regs	soa	64	16	256	48k	1	8.27652	0.12333
1M	5	cuda_fused_regs	soa	64	16	256	48k	2	8.12117	0.121015
1M	5	cuda_fused_regs	soa	64	16	256	48k	3	8.62247	0.128485
1M	5	cuda_fused_regs	soa	64	16	256	48k	4	7.84491	0.116898
1M	5	cuda_fused_regs	soa	64	64	256	48k	1	10.2555	0.152818
1M	5	cuda_fused_regs	soa	64	64	256	48k	2	10.24	0.152587
1M	5	cuda_fused_regs	soa	64	64	256	48k	3	10.2141	0.152203
1M	5	cuda_fused_regs	soa	64	64	256	48k	4	10.1509	0.15126
1M	5	cuda_fused_regs	soa	64	256	256	48k	1	28.6684	0.427192
1M	5	cuda_fused_regs	soa	64	256	256	48k	2	28.6607	0.427078
1M	5	cuda_fused_regs	soa	64	256	256	48k	3	28.3993	0.423182
1M	5	cuda_fused_regs	soa	64	256	256	48k	4	30.9387	0.461022
1M	5	cuda_fused_regs	soa	64	1024	256	48k	1	99.092	1.47659
1M	5	cuda_fused_regs	soa	64	1024	256	48k	2	99.2026	1.47823
1M	5	cuda_fused_regs	soa	64	1024	256	48k	3	99.0926	1.47659
1M	5	cuda_fused_regs	soa	64	1024	256	48k	4	99.3414	1.4803
1M	5	cuda_fused_regs	soa	64	4096	256	48k	1	387.163	5.76918
1M	5	cuda_fused_regs	soa	64	4096	256	48k	2	387.66	5.77659
1M	5	cuda_fused_regs	soa	64	4096	256	48k	3	387.513	5.77439
1M	5	cuda_fused_regs	soa	64	4096	256	48k	4	387.559	5.77508
512k	5	cuda_fused_regs	soa	128	16	256	48k	1	8.04548	0.119887
512k	5	cuda_fused_regs	soa	128	16	256	48k	2	8.93339	0.133118
512k	5	cuda_fused_regs	soa	128	16	256	48k	3	8.71623	0.129882
512k	5	cuda_fused_regs	soa	128	16	256	48k	4	8.23813	0.122758
512k	5	cuda_fused_regs	soa	128	64	256	48k	1	14.234	0.212104
512k	5	cuda_fused_regs	soa	128	64	256	48k	2	14.1181	0.210377
512k	5	cuda_fused_regs	soa	128	64	256	48k	3	15.2685	0.227519
512k	5	cuda_fused_regs	soa	128	64	256	48k	4	14.1892	0.211436
512k	5	cuda_fused_regs	soa	128	256	256	48k	1	44.215	0.658855
512k	5	cuda_fused_regs	soa	128	256	256	48k	2	43.7733	0.652273
512k	5	cuda_fused_regs	soa	128	256	256	48k	3	45.3531	0.675814
512k	5	cuda_fused_regs	soa	128	256	256	48k	4	44.3464	0.660812
512k	5	cuda_fused_regs	soa	128	1024	256	48k	1	165.059	2.45957
512k	5	cuda_fused_regs	soa	128	1024	256	48k	2	161.562	2.40746
512k	5	cuda_fused_regs	soa	128	1024	256	48k	3	167.887	2.50171
512k	5	cuda_fused_regs	soa	128	1024	256	48k	4	164.064	2.44474
512k	5	cuda_fused_regs	soa	128	4096	256	48k	1	690.357	10.2871
512k	5	cuda_fused_regs	soa	128	4096	256	48k	2	689.588	10.2757
512k	5	cuda_fused_regs	soa	128	4096	256	48k	3	691.274	10.3008
512k	5	cuda_fused_regs	soa	128	4096	256	48k	4	690.869	10.2948
